"DATE","NDVI","site.name"
2000-02-18,3532,"Bartlett_Experimental_Forest"
2000-03-05,5132,"Bartlett_Experimental_Forest"
2000-03-21,4962,"Bartlett_Experimental_Forest"
2000-04-06,4660,"Bartlett_Experimental_Forest"
2000-04-22,4666,"Bartlett_Experimental_Forest"
2000-05-08,7795,"Bartlett_Experimental_Forest"
2000-05-24,8953,"Bartlett_Experimental_Forest"
2000-06-09,8629,"Bartlett_Experimental_Forest"
2000-06-25,9071,"Bartlett_Experimental_Forest"
2000-07-11,9585,"Bartlett_Experimental_Forest"
2000-07-27,9222,"Bartlett_Experimental_Forest"
2000-08-12,8777,"Bartlett_Experimental_Forest"
2000-08-28,8963,"Bartlett_Experimental_Forest"
2000-09-13,8128,"Bartlett_Experimental_Forest"
2000-09-29,8080,"Bartlett_Experimental_Forest"
2000-10-15,5192,"Bartlett_Experimental_Forest"
2000-10-31,5780,"Bartlett_Experimental_Forest"
2000-11-16,5562,"Bartlett_Experimental_Forest"
2000-12-02,5190,"Bartlett_Experimental_Forest"
2000-12-18,3472,"Bartlett_Experimental_Forest"
2001-01-01,3472,"Bartlett_Experimental_Forest"
2001-01-17,3490,"Bartlett_Experimental_Forest"
2001-02-02,4150,"Bartlett_Experimental_Forest"
2001-02-18,4709,"Bartlett_Experimental_Forest"
2001-03-06,5659,"Bartlett_Experimental_Forest"
2001-03-22,1745,"Bartlett_Experimental_Forest"
2001-04-07,3432,"Bartlett_Experimental_Forest"
2001-04-23,6213,"Bartlett_Experimental_Forest"
2001-05-09,8433,"Bartlett_Experimental_Forest"
2001-05-25,8471,"Bartlett_Experimental_Forest"
2001-06-10,9046,"Bartlett_Experimental_Forest"
2001-06-26,9195,"Bartlett_Experimental_Forest"
2001-07-12,9124,"Bartlett_Experimental_Forest"
2001-07-28,8984,"Bartlett_Experimental_Forest"
2001-08-13,8867,"Bartlett_Experimental_Forest"
2001-08-29,8999,"Bartlett_Experimental_Forest"
2001-09-14,8592,"Bartlett_Experimental_Forest"
2001-09-30,8062,"Bartlett_Experimental_Forest"
2001-10-16,5137,"Bartlett_Experimental_Forest"
2001-11-01,5807,"Bartlett_Experimental_Forest"
2001-11-17,5475,"Bartlett_Experimental_Forest"
2001-12-03,5478,"Bartlett_Experimental_Forest"
2001-12-19,5281,"Bartlett_Experimental_Forest"
2002-01-01,5281,"Bartlett_Experimental_Forest"
2002-01-17,1635,"Bartlett_Experimental_Forest"
2002-02-02,4718,"Bartlett_Experimental_Forest"
2002-02-18,3111,"Bartlett_Experimental_Forest"
2002-03-06,3118,"Bartlett_Experimental_Forest"
2002-03-22,3292,"Bartlett_Experimental_Forest"
2002-04-07,5010,"Bartlett_Experimental_Forest"
2002-04-23,6009,"Bartlett_Experimental_Forest"
2002-05-09,7619,"Bartlett_Experimental_Forest"
2002-05-25,8875,"Bartlett_Experimental_Forest"
2002-06-10,8898,"Bartlett_Experimental_Forest"
2002-06-26,9299,"Bartlett_Experimental_Forest"
2002-07-12,8979,"Bartlett_Experimental_Forest"
2002-07-28,8897,"Bartlett_Experimental_Forest"
2002-08-13,8930,"Bartlett_Experimental_Forest"
2002-08-29,8931,"Bartlett_Experimental_Forest"
2002-09-14,8557,"Bartlett_Experimental_Forest"
2002-09-30,8022,"Bartlett_Experimental_Forest"
2002-10-16,6557,"Bartlett_Experimental_Forest"
2002-11-01,6045,"Bartlett_Experimental_Forest"
2002-11-17,4468,"Bartlett_Experimental_Forest"
2002-12-03,4810,"Bartlett_Experimental_Forest"
2002-12-19,4049,"Bartlett_Experimental_Forest"
2003-01-01,-3000,"Bartlett_Experimental_Forest"
2003-01-17,4860,"Bartlett_Experimental_Forest"
2003-02-02,3463,"Bartlett_Experimental_Forest"
2003-02-18,4048,"Bartlett_Experimental_Forest"
2003-03-06,1966,"Bartlett_Experimental_Forest"
2003-03-22,3815,"Bartlett_Experimental_Forest"
2003-04-07,4959,"Bartlett_Experimental_Forest"
2003-04-23,5273,"Bartlett_Experimental_Forest"
2003-05-09,6783,"Bartlett_Experimental_Forest"
2003-05-25,8310,"Bartlett_Experimental_Forest"
2003-06-10,8901,"Bartlett_Experimental_Forest"
2003-06-26,8284,"Bartlett_Experimental_Forest"
2003-07-12,8967,"Bartlett_Experimental_Forest"
2003-07-28,9165,"Bartlett_Experimental_Forest"
2003-08-13,8946,"Bartlett_Experimental_Forest"
2003-08-29,8559,"Bartlett_Experimental_Forest"
2003-09-30,7368,"Bartlett_Experimental_Forest"
2003-10-16,4811,"Bartlett_Experimental_Forest"
2003-11-01,5335,"Bartlett_Experimental_Forest"
2003-11-17,5413,"Bartlett_Experimental_Forest"
2003-12-03,4936,"Bartlett_Experimental_Forest"
2003-12-19,5254,"Bartlett_Experimental_Forest"
2004-01-01,4645,"Bartlett_Experimental_Forest"
2004-01-17,3787,"Bartlett_Experimental_Forest"
2004-02-02,3361,"Bartlett_Experimental_Forest"
2004-02-18,3680,"Bartlett_Experimental_Forest"
2004-03-05,4059,"Bartlett_Experimental_Forest"
2004-03-21,4662,"Bartlett_Experimental_Forest"
2004-04-06,4824,"Bartlett_Experimental_Forest"
2004-04-22,4701,"Bartlett_Experimental_Forest"
2004-05-08,8100,"Bartlett_Experimental_Forest"
2004-05-24,8859,"Bartlett_Experimental_Forest"
2004-06-09,8714,"Bartlett_Experimental_Forest"
2004-06-25,8811,"Bartlett_Experimental_Forest"
2004-07-11,8954,"Bartlett_Experimental_Forest"
2004-07-27,9044,"Bartlett_Experimental_Forest"
2004-08-12,8826,"Bartlett_Experimental_Forest"
2004-08-28,8830,"Bartlett_Experimental_Forest"
2004-09-13,8372,"Bartlett_Experimental_Forest"
2004-09-29,7683,"Bartlett_Experimental_Forest"
2004-10-15,6805,"Bartlett_Experimental_Forest"
2004-10-31,5642,"Bartlett_Experimental_Forest"
2004-11-16,5745,"Bartlett_Experimental_Forest"
2004-12-02,5808,"Bartlett_Experimental_Forest"
2004-12-18,4920,"Bartlett_Experimental_Forest"
2005-01-01,5396,"Bartlett_Experimental_Forest"
2005-01-17,4529,"Bartlett_Experimental_Forest"
2005-02-02,5249,"Bartlett_Experimental_Forest"
2005-02-18,5626,"Bartlett_Experimental_Forest"
2005-03-06,3677,"Bartlett_Experimental_Forest"
2005-03-22,2288,"Bartlett_Experimental_Forest"
2005-04-07,5101,"Bartlett_Experimental_Forest"
2005-04-23,4954,"Bartlett_Experimental_Forest"
2005-05-09,5324,"Bartlett_Experimental_Forest"
2005-05-25,8581,"Bartlett_Experimental_Forest"
2005-06-10,8850,"Bartlett_Experimental_Forest"
2005-06-26,9065,"Bartlett_Experimental_Forest"
2005-07-12,9001,"Bartlett_Experimental_Forest"
2005-07-28,8829,"Bartlett_Experimental_Forest"
2005-08-13,8753,"Bartlett_Experimental_Forest"
2005-08-29,8836,"Bartlett_Experimental_Forest"
2005-09-14,8566,"Bartlett_Experimental_Forest"
2005-09-30,8230,"Bartlett_Experimental_Forest"
2005-10-16,5659,"Bartlett_Experimental_Forest"
2005-11-01,5019,"Bartlett_Experimental_Forest"
2005-11-17,6102,"Bartlett_Experimental_Forest"
2005-12-03,5832,"Bartlett_Experimental_Forest"
2005-12-19,2162,"Bartlett_Experimental_Forest"
2006-01-01,5582,"Bartlett_Experimental_Forest"
2006-01-17,3587,"Bartlett_Experimental_Forest"
2006-02-02,4854,"Bartlett_Experimental_Forest"
2006-02-18,4460,"Bartlett_Experimental_Forest"
2006-03-06,4414,"Bartlett_Experimental_Forest"
2006-03-22,4989,"Bartlett_Experimental_Forest"
2006-04-07,4669,"Bartlett_Experimental_Forest"
2006-04-23,6056,"Bartlett_Experimental_Forest"
2006-05-09,6711,"Bartlett_Experimental_Forest"
2006-05-25,8956,"Bartlett_Experimental_Forest"
2006-06-10,8792,"Bartlett_Experimental_Forest"
2006-06-26,8964,"Bartlett_Experimental_Forest"
2006-07-12,8813,"Bartlett_Experimental_Forest"
2006-07-28,8834,"Bartlett_Experimental_Forest"
2006-08-13,8917,"Bartlett_Experimental_Forest"
2006-08-29,8484,"Bartlett_Experimental_Forest"
2006-09-14,7818,"Bartlett_Experimental_Forest"
2006-09-30,6084,"Bartlett_Experimental_Forest"
2006-10-16,5523,"Bartlett_Experimental_Forest"
2006-11-01,5254,"Bartlett_Experimental_Forest"
2006-11-17,5413,"Bartlett_Experimental_Forest"
2006-12-03,5267,"Bartlett_Experimental_Forest"
2006-12-19,6140,"Bartlett_Experimental_Forest"
2007-01-01,5635,"Bartlett_Experimental_Forest"
2007-01-17,4919,"Bartlett_Experimental_Forest"
2007-02-02,5328,"Bartlett_Experimental_Forest"
2007-02-18,3380,"Bartlett_Experimental_Forest"
2007-03-06,1756,"Bartlett_Experimental_Forest"
2007-03-22,4991,"Bartlett_Experimental_Forest"
2007-04-07,3102,"Bartlett_Experimental_Forest"
2007-04-23,4870,"Bartlett_Experimental_Forest"
2007-05-09,8391,"Bartlett_Experimental_Forest"
2007-05-25,8531,"Bartlett_Experimental_Forest"
2007-06-10,8772,"Bartlett_Experimental_Forest"
2007-06-26,8880,"Bartlett_Experimental_Forest"
2007-07-12,8984,"Bartlett_Experimental_Forest"
2007-07-28,8928,"Bartlett_Experimental_Forest"
2007-08-13,8929,"Bartlett_Experimental_Forest"
2007-08-29,8781,"Bartlett_Experimental_Forest"
2007-09-14,8118,"Bartlett_Experimental_Forest"
2007-09-30,7551,"Bartlett_Experimental_Forest"
2007-10-16,5762,"Bartlett_Experimental_Forest"
2007-11-01,5585,"Bartlett_Experimental_Forest"
2007-11-17,5299,"Bartlett_Experimental_Forest"
2008-01-01,4910,"Bartlett_Experimental_Forest"
2008-01-17,5438,"Bartlett_Experimental_Forest"
2008-02-02,6232,"Bartlett_Experimental_Forest"
2008-02-18,3923,"Bartlett_Experimental_Forest"
2008-03-05,3733,"Bartlett_Experimental_Forest"
2008-03-21,3453,"Bartlett_Experimental_Forest"
2008-04-06,2761,"Bartlett_Experimental_Forest"
2008-04-22,4346,"Bartlett_Experimental_Forest"
2008-05-08,6969,"Bartlett_Experimental_Forest"
2008-05-24,8566,"Bartlett_Experimental_Forest"
2008-06-09,8800,"Bartlett_Experimental_Forest"
2008-06-25,8907,"Bartlett_Experimental_Forest"
2008-07-11,9021,"Bartlett_Experimental_Forest"
2008-07-27,6751,"Bartlett_Experimental_Forest"
2008-08-12,8999,"Bartlett_Experimental_Forest"
2008-08-28,8712,"Bartlett_Experimental_Forest"
2008-09-13,8544,"Bartlett_Experimental_Forest"
2008-09-29,6527,"Bartlett_Experimental_Forest"
2008-10-15,5225,"Bartlett_Experimental_Forest"
2008-10-31,5231,"Bartlett_Experimental_Forest"
2008-11-16,5008,"Bartlett_Experimental_Forest"
2008-12-02,6501,"Bartlett_Experimental_Forest"
2008-12-18,4159,"Bartlett_Experimental_Forest"
2009-01-01,5818,"Bartlett_Experimental_Forest"
2009-01-17,4651,"Bartlett_Experimental_Forest"
2009-02-02,4260,"Bartlett_Experimental_Forest"
2009-02-18,6342,"Bartlett_Experimental_Forest"
2009-03-06,3147,"Bartlett_Experimental_Forest"
2009-03-22,3102,"Bartlett_Experimental_Forest"
2009-04-07,4629,"Bartlett_Experimental_Forest"
2009-04-23,5099,"Bartlett_Experimental_Forest"
2009-05-09,8002,"Bartlett_Experimental_Forest"
2009-05-25,8705,"Bartlett_Experimental_Forest"
2009-06-10,8382,"Bartlett_Experimental_Forest"
2009-06-26,8942,"Bartlett_Experimental_Forest"
2009-07-12,8995,"Bartlett_Experimental_Forest"
2009-07-28,8867,"Bartlett_Experimental_Forest"
2009-08-13,8536,"Bartlett_Experimental_Forest"
2009-08-29,8584,"Bartlett_Experimental_Forest"
2009-09-30,5522,"Bartlett_Experimental_Forest"
2009-10-16,5623,"Bartlett_Experimental_Forest"
2009-11-01,5098,"Bartlett_Experimental_Forest"
2009-11-17,5870,"Bartlett_Experimental_Forest"
2009-12-03,5213,"Bartlett_Experimental_Forest"
2009-12-19,4495,"Bartlett_Experimental_Forest"
2010-01-01,5421,"Bartlett_Experimental_Forest"
2010-01-17,4877,"Bartlett_Experimental_Forest"
2010-02-02,3247,"Bartlett_Experimental_Forest"
2010-02-18,3577,"Bartlett_Experimental_Forest"
2010-03-06,3970,"Bartlett_Experimental_Forest"
2010-03-22,5327,"Bartlett_Experimental_Forest"
2010-04-07,4712,"Bartlett_Experimental_Forest"
2010-04-23,7830,"Bartlett_Experimental_Forest"
2010-05-25,8499,"Bartlett_Experimental_Forest"
2010-06-10,8724,"Bartlett_Experimental_Forest"
2010-06-26,8862,"Bartlett_Experimental_Forest"
2010-07-12,8757,"Bartlett_Experimental_Forest"
2010-07-28,8493,"Bartlett_Experimental_Forest"
2010-08-13,8805,"Bartlett_Experimental_Forest"
2010-08-29,8720,"Bartlett_Experimental_Forest"
2010-09-14,7958,"Bartlett_Experimental_Forest"
2010-09-30,6971,"Bartlett_Experimental_Forest"
2010-10-16,5337,"Bartlett_Experimental_Forest"
2010-11-01,6260,"Bartlett_Experimental_Forest"
2010-11-17,6146,"Bartlett_Experimental_Forest"
2010-12-03,5802,"Bartlett_Experimental_Forest"
2010-12-19,4205,"Bartlett_Experimental_Forest"
2011-01-01,5167,"Bartlett_Experimental_Forest"
2011-01-17,4622,"Bartlett_Experimental_Forest"
2011-02-02,3146,"Bartlett_Experimental_Forest"
2011-02-18,5831,"Bartlett_Experimental_Forest"
2011-03-06,2718,"Bartlett_Experimental_Forest"
2011-03-22,2902,"Bartlett_Experimental_Forest"
2011-04-07,3582,"Bartlett_Experimental_Forest"
2011-04-23,4945,"Bartlett_Experimental_Forest"
2011-05-09,5407,"Bartlett_Experimental_Forest"
2011-05-25,8238,"Bartlett_Experimental_Forest"
2011-06-10,8757,"Bartlett_Experimental_Forest"
2011-06-26,8820,"Bartlett_Experimental_Forest"
2011-07-12,8630,"Bartlett_Experimental_Forest"
2011-07-28,8847,"Bartlett_Experimental_Forest"
2011-08-13,8565,"Bartlett_Experimental_Forest"
2011-08-29,8763,"Bartlett_Experimental_Forest"
2011-09-14,7983,"Bartlett_Experimental_Forest"
2011-10-16,6007,"Bartlett_Experimental_Forest"
2011-11-01,5219,"Bartlett_Experimental_Forest"
2011-11-17,5160,"Bartlett_Experimental_Forest"
2011-12-03,6194,"Bartlett_Experimental_Forest"
2011-12-19,6046,"Bartlett_Experimental_Forest"
2012-01-01,6046,"Bartlett_Experimental_Forest"
2012-01-17,967,"Bartlett_Experimental_Forest"
2012-02-02,4594,"Bartlett_Experimental_Forest"
2012-02-18,3788,"Bartlett_Experimental_Forest"
2012-04-06,4762,"Bartlett_Experimental_Forest"
2012-05-08,8801,"Bartlett_Experimental_Forest"
2012-05-24,8383,"Bartlett_Experimental_Forest"
2012-06-09,8854,"Bartlett_Experimental_Forest"
2012-06-25,8669,"Bartlett_Experimental_Forest"
2012-07-11,8752,"Bartlett_Experimental_Forest"
2012-07-27,8585,"Bartlett_Experimental_Forest"
2012-08-12,8715,"Bartlett_Experimental_Forest"
2012-09-13,8512,"Bartlett_Experimental_Forest"
2012-09-29,6008,"Bartlett_Experimental_Forest"
2012-10-15,5427,"Bartlett_Experimental_Forest"
2012-10-31,5697,"Bartlett_Experimental_Forest"
2012-11-16,6279,"Bartlett_Experimental_Forest"
2012-12-02,5082,"Bartlett_Experimental_Forest"
2012-12-18,5337,"Bartlett_Experimental_Forest"
2013-01-01,4943,"Bartlett_Experimental_Forest"
2013-01-17,4964,"Bartlett_Experimental_Forest"
2013-02-02,4788,"Bartlett_Experimental_Forest"
2013-02-18,2768,"Bartlett_Experimental_Forest"
2013-03-06,3852,"Bartlett_Experimental_Forest"
2013-03-22,3816,"Bartlett_Experimental_Forest"
2013-04-07,4977,"Bartlett_Experimental_Forest"
2013-04-23,5826,"Bartlett_Experimental_Forest"
2013-05-09,7914,"Bartlett_Experimental_Forest"
2013-05-25,7912,"Bartlett_Experimental_Forest"
2013-06-10,8713,"Bartlett_Experimental_Forest"
2013-06-26,9210,"Bartlett_Experimental_Forest"
2013-07-12,8980,"Bartlett_Experimental_Forest"
2013-07-28,8801,"Bartlett_Experimental_Forest"
2013-08-13,8755,"Bartlett_Experimental_Forest"
2013-08-29,8761,"Bartlett_Experimental_Forest"
2013-09-14,8365,"Bartlett_Experimental_Forest"
2013-09-30,7179,"Bartlett_Experimental_Forest"
2013-10-16,6256,"Bartlett_Experimental_Forest"
2013-11-01,6763,"Bartlett_Experimental_Forest"
2013-11-17,5324,"Bartlett_Experimental_Forest"
2013-12-03,6161,"Bartlett_Experimental_Forest"
2013-12-19,5239,"Bartlett_Experimental_Forest"
2014-01-17,5959,"Bartlett_Experimental_Forest"
2000-02-18,4482,"Chestnut_Ridge"
2000-03-05,4405,"Chestnut_Ridge"
2000-04-06,7094,"Chestnut_Ridge"
2000-04-22,8420,"Chestnut_Ridge"
2000-05-08,9168,"Chestnut_Ridge"
2000-05-24,9243,"Chestnut_Ridge"
2000-06-09,8949,"Chestnut_Ridge"
2000-06-25,9239,"Chestnut_Ridge"
2000-07-11,9420,"Chestnut_Ridge"
2000-07-27,9290,"Chestnut_Ridge"
2000-08-12,8981,"Chestnut_Ridge"
2000-08-28,8635,"Chestnut_Ridge"
2000-09-13,8952,"Chestnut_Ridge"
2000-09-29,8721,"Chestnut_Ridge"
2000-10-15,7379,"Chestnut_Ridge"
2000-10-31,5866,"Chestnut_Ridge"
2000-11-16,4933,"Chestnut_Ridge"
2000-12-02,4928,"Chestnut_Ridge"
2000-12-18,4726,"Chestnut_Ridge"
2001-01-01,4672,"Chestnut_Ridge"
2001-01-17,4613,"Chestnut_Ridge"
2001-02-02,4298,"Chestnut_Ridge"
2001-02-18,4292,"Chestnut_Ridge"
2001-03-06,4171,"Chestnut_Ridge"
2001-03-22,4106,"Chestnut_Ridge"
2001-04-07,7866,"Chestnut_Ridge"
2001-04-23,8476,"Chestnut_Ridge"
2001-05-09,9006,"Chestnut_Ridge"
2001-05-25,8726,"Chestnut_Ridge"
2001-06-10,9170,"Chestnut_Ridge"
2001-06-26,8676,"Chestnut_Ridge"
2001-07-12,9186,"Chestnut_Ridge"
2001-07-28,9460,"Chestnut_Ridge"
2001-08-13,8668,"Chestnut_Ridge"
2001-08-29,9082,"Chestnut_Ridge"
2001-09-14,8873,"Chestnut_Ridge"
2001-09-30,8801,"Chestnut_Ridge"
2001-10-16,6164,"Chestnut_Ridge"
2001-11-01,5011,"Chestnut_Ridge"
2001-11-17,5017,"Chestnut_Ridge"
2001-12-03,4873,"Chestnut_Ridge"
2001-12-19,4856,"Chestnut_Ridge"
2002-01-01,4685,"Chestnut_Ridge"
2002-01-17,4766,"Chestnut_Ridge"
2002-02-02,4683,"Chestnut_Ridge"
2002-02-18,4361,"Chestnut_Ridge"
2002-03-06,4361,"Chestnut_Ridge"
2002-03-22,4306,"Chestnut_Ridge"
2002-04-07,8388,"Chestnut_Ridge"
2002-04-23,8419,"Chestnut_Ridge"
2002-05-09,9035,"Chestnut_Ridge"
2002-05-25,9229,"Chestnut_Ridge"
2002-06-10,9259,"Chestnut_Ridge"
2002-06-26,9161,"Chestnut_Ridge"
2002-07-12,9253,"Chestnut_Ridge"
2002-07-28,9158,"Chestnut_Ridge"
2002-08-13,9090,"Chestnut_Ridge"
2002-08-29,9096,"Chestnut_Ridge"
2002-09-14,8952,"Chestnut_Ridge"
2002-09-30,8721,"Chestnut_Ridge"
2002-10-16,8399,"Chestnut_Ridge"
2002-11-01,6969,"Chestnut_Ridge"
2002-11-17,5247,"Chestnut_Ridge"
2002-12-03,5026,"Chestnut_Ridge"
2002-12-19,4474,"Chestnut_Ridge"
2003-01-01,4830,"Chestnut_Ridge"
2003-01-17,4742,"Chestnut_Ridge"
2003-02-02,4506,"Chestnut_Ridge"
2003-02-18,4328,"Chestnut_Ridge"
2003-03-06,4196,"Chestnut_Ridge"
2003-03-22,4640,"Chestnut_Ridge"
2003-04-07,8419,"Chestnut_Ridge"
2003-04-23,8341,"Chestnut_Ridge"
2003-05-09,8943,"Chestnut_Ridge"
2003-05-25,9282,"Chestnut_Ridge"
2003-06-10,9041,"Chestnut_Ridge"
2003-06-26,9317,"Chestnut_Ridge"
2003-07-12,9246,"Chestnut_Ridge"
2003-07-28,8988,"Chestnut_Ridge"
2003-08-13,9287,"Chestnut_Ridge"
2003-08-29,8683,"Chestnut_Ridge"
2003-09-30,8500,"Chestnut_Ridge"
2003-10-16,8112,"Chestnut_Ridge"
2003-11-01,5337,"Chestnut_Ridge"
2003-11-17,4754,"Chestnut_Ridge"
2003-12-03,5115,"Chestnut_Ridge"
2003-12-19,4794,"Chestnut_Ridge"
2004-01-01,4670,"Chestnut_Ridge"
2004-01-17,4750,"Chestnut_Ridge"
2004-02-02,3833,"Chestnut_Ridge"
2004-02-18,4387,"Chestnut_Ridge"
2004-03-05,4179,"Chestnut_Ridge"
2004-03-21,4808,"Chestnut_Ridge"
2004-04-06,7337,"Chestnut_Ridge"
2004-04-22,8951,"Chestnut_Ridge"
2004-05-08,9295,"Chestnut_Ridge"
2004-05-24,9036,"Chestnut_Ridge"
2004-06-09,9132,"Chestnut_Ridge"
2004-06-25,9264,"Chestnut_Ridge"
2004-07-11,9296,"Chestnut_Ridge"
2004-07-27,9195,"Chestnut_Ridge"
2004-08-12,9031,"Chestnut_Ridge"
2004-08-28,9219,"Chestnut_Ridge"
2004-09-13,8917,"Chestnut_Ridge"
2004-09-29,8468,"Chestnut_Ridge"
2004-10-15,7133,"Chestnut_Ridge"
2004-10-31,6822,"Chestnut_Ridge"
2004-11-16,4800,"Chestnut_Ridge"
2004-12-02,4712,"Chestnut_Ridge"
2004-12-18,4885,"Chestnut_Ridge"
2005-01-01,4532,"Chestnut_Ridge"
2005-01-17,4719,"Chestnut_Ridge"
2005-02-02,4722,"Chestnut_Ridge"
2005-02-18,4361,"Chestnut_Ridge"
2005-03-06,4436,"Chestnut_Ridge"
2005-03-22,4406,"Chestnut_Ridge"
2005-04-07,6292,"Chestnut_Ridge"
2005-04-23,8851,"Chestnut_Ridge"
2005-05-09,9176,"Chestnut_Ridge"
2005-05-25,9287,"Chestnut_Ridge"
2005-06-10,8952,"Chestnut_Ridge"
2005-06-26,9080,"Chestnut_Ridge"
2005-07-12,9294,"Chestnut_Ridge"
2005-07-28,9094,"Chestnut_Ridge"
2005-08-13,9202,"Chestnut_Ridge"
2005-08-29,8768,"Chestnut_Ridge"
2005-09-14,8704,"Chestnut_Ridge"
2005-09-30,8562,"Chestnut_Ridge"
2005-10-16,7852,"Chestnut_Ridge"
2005-11-01,7216,"Chestnut_Ridge"
2005-11-17,5087,"Chestnut_Ridge"
2005-12-03,4833,"Chestnut_Ridge"
2005-12-19,4580,"Chestnut_Ridge"
2006-01-01,4569,"Chestnut_Ridge"
2006-01-17,4556,"Chestnut_Ridge"
2006-02-02,4491,"Chestnut_Ridge"
2006-02-18,4431,"Chestnut_Ridge"
2006-03-06,4330,"Chestnut_Ridge"
2006-03-22,4632,"Chestnut_Ridge"
2006-04-07,5248,"Chestnut_Ridge"
2006-04-23,8863,"Chestnut_Ridge"
2006-05-09,9079,"Chestnut_Ridge"
2006-05-25,8942,"Chestnut_Ridge"
2006-06-10,9071,"Chestnut_Ridge"
2006-06-26,9128,"Chestnut_Ridge"
2006-07-12,9133,"Chestnut_Ridge"
2006-07-28,8703,"Chestnut_Ridge"
2006-08-13,8916,"Chestnut_Ridge"
2006-08-29,9020,"Chestnut_Ridge"
2006-09-14,8891,"Chestnut_Ridge"
2006-09-30,8603,"Chestnut_Ridge"
2006-10-16,6800,"Chestnut_Ridge"
2006-11-01,5203,"Chestnut_Ridge"
2006-11-17,4796,"Chestnut_Ridge"
2006-12-03,4639,"Chestnut_Ridge"
2006-12-19,4814,"Chestnut_Ridge"
2007-01-01,4631,"Chestnut_Ridge"
2007-01-17,4408,"Chestnut_Ridge"
2007-02-02,4290,"Chestnut_Ridge"
2007-02-18,4407,"Chestnut_Ridge"
2007-03-06,4111,"Chestnut_Ridge"
2007-03-22,6817,"Chestnut_Ridge"
2007-04-07,5689,"Chestnut_Ridge"
2007-04-23,7176,"Chestnut_Ridge"
2007-05-09,8799,"Chestnut_Ridge"
2007-05-25,8882,"Chestnut_Ridge"
2007-06-10,8876,"Chestnut_Ridge"
2007-06-26,8846,"Chestnut_Ridge"
2007-07-12,9132,"Chestnut_Ridge"
2007-07-28,9064,"Chestnut_Ridge"
2007-08-13,8770,"Chestnut_Ridge"
2007-08-29,8943,"Chestnut_Ridge"
2007-09-14,8903,"Chestnut_Ridge"
2007-09-30,8621,"Chestnut_Ridge"
2007-10-16,8385,"Chestnut_Ridge"
2007-11-01,7921,"Chestnut_Ridge"
2007-11-17,5041,"Chestnut_Ridge"
2007-12-03,4781,"Chestnut_Ridge"
2008-01-01,4824,"Chestnut_Ridge"
2008-01-17,4728,"Chestnut_Ridge"
2008-02-02,4461,"Chestnut_Ridge"
2008-02-18,4474,"Chestnut_Ridge"
2008-03-05,4342,"Chestnut_Ridge"
2008-03-21,4373,"Chestnut_Ridge"
2008-04-06,5643,"Chestnut_Ridge"
2008-04-22,8784,"Chestnut_Ridge"
2008-05-08,8729,"Chestnut_Ridge"
2008-05-24,9157,"Chestnut_Ridge"
2008-06-09,8878,"Chestnut_Ridge"
2008-06-25,8862,"Chestnut_Ridge"
2008-07-11,9237,"Chestnut_Ridge"
2008-07-27,9230,"Chestnut_Ridge"
2008-08-12,8844,"Chestnut_Ridge"
2008-08-28,8659,"Chestnut_Ridge"
2008-09-13,8933,"Chestnut_Ridge"
2008-09-29,8731,"Chestnut_Ridge"
2008-10-15,8288,"Chestnut_Ridge"
2008-10-31,7386,"Chestnut_Ridge"
2008-11-16,5173,"Chestnut_Ridge"
2008-12-02,4532,"Chestnut_Ridge"
2008-12-18,4373,"Chestnut_Ridge"
2009-01-01,4550,"Chestnut_Ridge"
2009-01-17,4363,"Chestnut_Ridge"
2009-02-02,4197,"Chestnut_Ridge"
2009-02-18,4224,"Chestnut_Ridge"
2009-03-06,4512,"Chestnut_Ridge"
2009-03-22,4418,"Chestnut_Ridge"
2009-04-07,4767,"Chestnut_Ridge"
2009-04-23,7454,"Chestnut_Ridge"
2009-05-09,8774,"Chestnut_Ridge"
2009-05-25,8940,"Chestnut_Ridge"
2009-06-10,9009,"Chestnut_Ridge"
2009-06-26,9300,"Chestnut_Ridge"
2009-07-12,8619,"Chestnut_Ridge"
2009-07-28,9162,"Chestnut_Ridge"
2009-08-13,8809,"Chestnut_Ridge"
2009-08-29,8770,"Chestnut_Ridge"
2009-09-14,8875,"Chestnut_Ridge"
2009-09-30,8567,"Chestnut_Ridge"
2009-10-16,8307,"Chestnut_Ridge"
2009-11-01,5552,"Chestnut_Ridge"
2009-11-17,5288,"Chestnut_Ridge"
2009-12-03,4536,"Chestnut_Ridge"
2009-12-19,4424,"Chestnut_Ridge"
2010-01-01,4363,"Chestnut_Ridge"
2010-01-17,4590,"Chestnut_Ridge"
2010-02-02,1664,"Chestnut_Ridge"
2010-02-18,4024,"Chestnut_Ridge"
2010-03-06,4427,"Chestnut_Ridge"
2010-03-22,4849,"Chestnut_Ridge"
2010-04-07,7942,"Chestnut_Ridge"
2010-04-23,8828,"Chestnut_Ridge"
2010-05-25,9349,"Chestnut_Ridge"
2010-06-10,8954,"Chestnut_Ridge"
2010-06-26,8851,"Chestnut_Ridge"
2010-07-12,8600,"Chestnut_Ridge"
2010-07-28,9431,"Chestnut_Ridge"
2010-08-13,8894,"Chestnut_Ridge"
2010-08-29,8630,"Chestnut_Ridge"
2010-09-14,8383,"Chestnut_Ridge"
2010-09-30,8182,"Chestnut_Ridge"
2010-10-16,7169,"Chestnut_Ridge"
2010-11-01,5898,"Chestnut_Ridge"
2010-11-17,4773,"Chestnut_Ridge"
2010-12-03,4894,"Chestnut_Ridge"
2010-12-19,4838,"Chestnut_Ridge"
2011-01-01,4838,"Chestnut_Ridge"
2011-02-02,4375,"Chestnut_Ridge"
2011-02-18,4513,"Chestnut_Ridge"
2011-03-06,4246,"Chestnut_Ridge"
2011-03-22,4692,"Chestnut_Ridge"
2011-04-07,6722,"Chestnut_Ridge"
2011-04-23,8559,"Chestnut_Ridge"
2011-05-09,8756,"Chestnut_Ridge"
2011-05-25,8603,"Chestnut_Ridge"
2011-06-10,8750,"Chestnut_Ridge"
2011-06-26,8860,"Chestnut_Ridge"
2011-07-12,8713,"Chestnut_Ridge"
2011-07-28,8616,"Chestnut_Ridge"
2011-08-29,8562,"Chestnut_Ridge"
2011-09-14,6762,"Chestnut_Ridge"
2011-10-16,7687,"Chestnut_Ridge"
2011-11-01,5390,"Chestnut_Ridge"
2011-11-17,4729,"Chestnut_Ridge"
2011-12-03,4459,"Chestnut_Ridge"
2011-12-19,4648,"Chestnut_Ridge"
2012-01-01,4651,"Chestnut_Ridge"
2012-01-17,4684,"Chestnut_Ridge"
2012-02-02,4557,"Chestnut_Ridge"
2012-02-18,4428,"Chestnut_Ridge"
2012-03-21,5607,"Chestnut_Ridge"
2012-04-06,8370,"Chestnut_Ridge"
2012-04-22,8884,"Chestnut_Ridge"
2012-05-08,8495,"Chestnut_Ridge"
2012-05-24,8734,"Chestnut_Ridge"
2012-06-09,8689,"Chestnut_Ridge"
2012-06-25,8737,"Chestnut_Ridge"
2012-07-27,8938,"Chestnut_Ridge"
2012-08-12,8498,"Chestnut_Ridge"
2012-09-13,8366,"Chestnut_Ridge"
2012-09-29,8024,"Chestnut_Ridge"
2012-10-15,7189,"Chestnut_Ridge"
2012-10-31,5722,"Chestnut_Ridge"
2012-11-16,4679,"Chestnut_Ridge"
2012-12-02,4706,"Chestnut_Ridge"
2012-12-18,4587,"Chestnut_Ridge"
2013-01-01,4637,"Chestnut_Ridge"
2013-01-17,4605,"Chestnut_Ridge"
2013-02-02,4432,"Chestnut_Ridge"
2013-02-18,4553,"Chestnut_Ridge"
2013-03-06,4323,"Chestnut_Ridge"
2013-03-22,4159,"Chestnut_Ridge"
2013-04-07,7126,"Chestnut_Ridge"
2013-04-23,8080,"Chestnut_Ridge"
2013-05-09,8682,"Chestnut_Ridge"
2013-05-25,8885,"Chestnut_Ridge"
2013-06-10,9071,"Chestnut_Ridge"
2013-06-26,8508,"Chestnut_Ridge"
2013-07-12,9788,"Chestnut_Ridge"
2013-07-28,9016,"Chestnut_Ridge"
2013-08-13,8893,"Chestnut_Ridge"
2013-08-29,8707,"Chestnut_Ridge"
2013-09-14,8810,"Chestnut_Ridge"
2013-09-30,8718,"Chestnut_Ridge"
2013-10-16,8310,"Chestnut_Ridge"
2013-11-01,5190,"Chestnut_Ridge"
2013-11-17,4854,"Chestnut_Ridge"
2013-12-03,4662,"Chestnut_Ridge"
2013-12-19,4506,"Chestnut_Ridge"
2014-01-17,4436,"Chestnut_Ridge"
2000-02-18,4758,"Duke_Forest_Hardwoods"
2000-03-05,4541,"Duke_Forest_Hardwoods"
2000-04-06,7164,"Duke_Forest_Hardwoods"
2000-04-22,9021,"Duke_Forest_Hardwoods"
2000-05-08,9114,"Duke_Forest_Hardwoods"
2000-05-24,9281,"Duke_Forest_Hardwoods"
2000-06-09,9297,"Duke_Forest_Hardwoods"
2000-06-25,9137,"Duke_Forest_Hardwoods"
2000-07-11,9102,"Duke_Forest_Hardwoods"
2000-07-27,7563,"Duke_Forest_Hardwoods"
2000-08-12,8999,"Duke_Forest_Hardwoods"
2000-08-28,8188,"Duke_Forest_Hardwoods"
2000-09-13,8833,"Duke_Forest_Hardwoods"
2000-09-29,8450,"Duke_Forest_Hardwoods"
2000-10-15,7984,"Duke_Forest_Hardwoods"
2000-10-31,6761,"Duke_Forest_Hardwoods"
2000-11-16,5139,"Duke_Forest_Hardwoods"
2000-12-02,4964,"Duke_Forest_Hardwoods"
2000-12-18,5447,"Duke_Forest_Hardwoods"
2001-01-01,5024,"Duke_Forest_Hardwoods"
2001-01-17,4645,"Duke_Forest_Hardwoods"
2001-02-02,4637,"Duke_Forest_Hardwoods"
2001-02-18,5419,"Duke_Forest_Hardwoods"
2001-03-06,5188,"Duke_Forest_Hardwoods"
2001-03-22,4422,"Duke_Forest_Hardwoods"
2001-04-07,7818,"Duke_Forest_Hardwoods"
2001-04-23,8790,"Duke_Forest_Hardwoods"
2001-05-09,8962,"Duke_Forest_Hardwoods"
2001-05-25,8948,"Duke_Forest_Hardwoods"
2001-06-10,9186,"Duke_Forest_Hardwoods"
2001-06-26,9054,"Duke_Forest_Hardwoods"
2001-07-12,9216,"Duke_Forest_Hardwoods"
2001-07-28,9321,"Duke_Forest_Hardwoods"
2001-08-13,9190,"Duke_Forest_Hardwoods"
2001-08-29,8982,"Duke_Forest_Hardwoods"
2001-09-14,8905,"Duke_Forest_Hardwoods"
2001-09-30,8647,"Duke_Forest_Hardwoods"
2001-10-16,7539,"Duke_Forest_Hardwoods"
2001-11-01,5677,"Duke_Forest_Hardwoods"
2001-11-17,5441,"Duke_Forest_Hardwoods"
2001-12-03,4991,"Duke_Forest_Hardwoods"
2001-12-19,5259,"Duke_Forest_Hardwoods"
2002-01-01,5517,"Duke_Forest_Hardwoods"
2002-01-17,5335,"Duke_Forest_Hardwoods"
2002-02-02,5060,"Duke_Forest_Hardwoods"
2002-02-18,4892,"Duke_Forest_Hardwoods"
2002-03-06,4456,"Duke_Forest_Hardwoods"
2002-03-22,5184,"Duke_Forest_Hardwoods"
2002-04-07,6396,"Duke_Forest_Hardwoods"
2002-04-23,9125,"Duke_Forest_Hardwoods"
2002-05-09,9249,"Duke_Forest_Hardwoods"
2002-05-25,9151,"Duke_Forest_Hardwoods"
2002-06-10,9139,"Duke_Forest_Hardwoods"
2002-06-26,8827,"Duke_Forest_Hardwoods"
2002-07-12,9187,"Duke_Forest_Hardwoods"
2002-07-28,9166,"Duke_Forest_Hardwoods"
2002-08-13,8809,"Duke_Forest_Hardwoods"
2002-08-29,8744,"Duke_Forest_Hardwoods"
2002-09-14,8528,"Duke_Forest_Hardwoods"
2002-09-30,8929,"Duke_Forest_Hardwoods"
2002-10-16,8365,"Duke_Forest_Hardwoods"
2002-11-01,6784,"Duke_Forest_Hardwoods"
2002-11-17,5205,"Duke_Forest_Hardwoods"
2002-12-03,3062,"Duke_Forest_Hardwoods"
2002-12-19,4920,"Duke_Forest_Hardwoods"
2003-01-01,5225,"Duke_Forest_Hardwoods"
2003-01-17,4508,"Duke_Forest_Hardwoods"
2003-02-02,4865,"Duke_Forest_Hardwoods"
2003-02-18,4623,"Duke_Forest_Hardwoods"
2003-03-06,4840,"Duke_Forest_Hardwoods"
2003-03-22,5248,"Duke_Forest_Hardwoods"
2003-04-07,7710,"Duke_Forest_Hardwoods"
2003-04-23,8970,"Duke_Forest_Hardwoods"
2003-05-09,8882,"Duke_Forest_Hardwoods"
2003-05-25,8989,"Duke_Forest_Hardwoods"
2003-06-10,9249,"Duke_Forest_Hardwoods"
2003-06-26,9070,"Duke_Forest_Hardwoods"
2003-07-12,9268,"Duke_Forest_Hardwoods"
2003-07-28,9576,"Duke_Forest_Hardwoods"
2003-08-13,8972,"Duke_Forest_Hardwoods"
2003-08-29,8734,"Duke_Forest_Hardwoods"
2003-09-30,8645,"Duke_Forest_Hardwoods"
2003-10-16,7828,"Duke_Forest_Hardwoods"
2003-11-01,6189,"Duke_Forest_Hardwoods"
2003-11-17,5033,"Duke_Forest_Hardwoods"
2003-12-03,5011,"Duke_Forest_Hardwoods"
2003-12-19,5560,"Duke_Forest_Hardwoods"
2004-01-01,4903,"Duke_Forest_Hardwoods"
2004-01-17,5077,"Duke_Forest_Hardwoods"
2004-02-02,4934,"Duke_Forest_Hardwoods"
2004-02-18,4497,"Duke_Forest_Hardwoods"
2004-03-05,4891,"Duke_Forest_Hardwoods"
2004-03-21,4400,"Duke_Forest_Hardwoods"
2004-04-06,6410,"Duke_Forest_Hardwoods"
2004-04-22,9078,"Duke_Forest_Hardwoods"
2004-05-08,9262,"Duke_Forest_Hardwoods"
2004-05-24,9041,"Duke_Forest_Hardwoods"
2004-06-09,9052,"Duke_Forest_Hardwoods"
2004-06-25,8964,"Duke_Forest_Hardwoods"
2004-07-11,8994,"Duke_Forest_Hardwoods"
2004-07-27,9202,"Duke_Forest_Hardwoods"
2004-08-12,8701,"Duke_Forest_Hardwoods"
2004-08-28,8977,"Duke_Forest_Hardwoods"
2004-09-13,9018,"Duke_Forest_Hardwoods"
2004-09-29,8547,"Duke_Forest_Hardwoods"
2004-10-15,8087,"Duke_Forest_Hardwoods"
2004-10-31,6485,"Duke_Forest_Hardwoods"
2004-11-16,6204,"Duke_Forest_Hardwoods"
2004-12-02,4997,"Duke_Forest_Hardwoods"
2004-12-18,5124,"Duke_Forest_Hardwoods"
2005-01-01,5124,"Duke_Forest_Hardwoods"
2005-01-17,4532,"Duke_Forest_Hardwoods"
2005-02-02,4766,"Duke_Forest_Hardwoods"
2005-02-18,4728,"Duke_Forest_Hardwoods"
2005-03-06,4625,"Duke_Forest_Hardwoods"
2005-03-22,5185,"Duke_Forest_Hardwoods"
2005-04-07,6384,"Duke_Forest_Hardwoods"
2005-04-23,9020,"Duke_Forest_Hardwoods"
2005-05-09,9128,"Duke_Forest_Hardwoods"
2005-05-25,9034,"Duke_Forest_Hardwoods"
2005-06-10,9210,"Duke_Forest_Hardwoods"
2005-06-26,9195,"Duke_Forest_Hardwoods"
2005-07-12,9247,"Duke_Forest_Hardwoods"
2005-07-28,8854,"Duke_Forest_Hardwoods"
2005-08-13,8770,"Duke_Forest_Hardwoods"
2005-08-29,8882,"Duke_Forest_Hardwoods"
2005-09-14,8963,"Duke_Forest_Hardwoods"
2005-09-30,8521,"Duke_Forest_Hardwoods"
2005-10-16,8418,"Duke_Forest_Hardwoods"
2005-11-01,7585,"Duke_Forest_Hardwoods"
2005-11-17,5765,"Duke_Forest_Hardwoods"
2005-12-03,5498,"Duke_Forest_Hardwoods"
2005-12-19,4972,"Duke_Forest_Hardwoods"
2006-01-01,4824,"Duke_Forest_Hardwoods"
2006-01-17,4801,"Duke_Forest_Hardwoods"
2006-02-02,4685,"Duke_Forest_Hardwoods"
2006-02-18,5143,"Duke_Forest_Hardwoods"
2006-03-06,4825,"Duke_Forest_Hardwoods"
2006-03-22,4590,"Duke_Forest_Hardwoods"
2006-04-07,7944,"Duke_Forest_Hardwoods"
2006-04-23,9063,"Duke_Forest_Hardwoods"
2006-05-09,9124,"Duke_Forest_Hardwoods"
2006-05-25,9077,"Duke_Forest_Hardwoods"
2006-06-10,8929,"Duke_Forest_Hardwoods"
2006-06-26,9020,"Duke_Forest_Hardwoods"
2006-07-12,8956,"Duke_Forest_Hardwoods"
2006-07-28,8740,"Duke_Forest_Hardwoods"
2006-08-13,8904,"Duke_Forest_Hardwoods"
2006-08-29,9108,"Duke_Forest_Hardwoods"
2006-09-14,8826,"Duke_Forest_Hardwoods"
2006-09-30,8565,"Duke_Forest_Hardwoods"
2006-10-16,7631,"Duke_Forest_Hardwoods"
2006-11-01,6063,"Duke_Forest_Hardwoods"
2006-11-17,5398,"Duke_Forest_Hardwoods"
2006-12-03,5506,"Duke_Forest_Hardwoods"
2006-12-19,4997,"Duke_Forest_Hardwoods"
2007-01-01,5105,"Duke_Forest_Hardwoods"
2007-01-17,4774,"Duke_Forest_Hardwoods"
2007-02-02,4611,"Duke_Forest_Hardwoods"
2007-02-18,5105,"Duke_Forest_Hardwoods"
2007-03-06,4989,"Duke_Forest_Hardwoods"
2007-03-22,5541,"Duke_Forest_Hardwoods"
2007-04-07,7609,"Duke_Forest_Hardwoods"
2007-04-23,8737,"Duke_Forest_Hardwoods"
2007-05-09,8858,"Duke_Forest_Hardwoods"
2007-05-25,9148,"Duke_Forest_Hardwoods"
2007-06-10,9287,"Duke_Forest_Hardwoods"
2007-06-26,9008,"Duke_Forest_Hardwoods"
2007-07-12,9153,"Duke_Forest_Hardwoods"
2007-07-28,8871,"Duke_Forest_Hardwoods"
2007-08-13,8693,"Duke_Forest_Hardwoods"
2007-08-29,8864,"Duke_Forest_Hardwoods"
2007-09-14,8600,"Duke_Forest_Hardwoods"
2007-09-30,8382,"Duke_Forest_Hardwoods"
2007-10-16,7866,"Duke_Forest_Hardwoods"
2007-11-01,7330,"Duke_Forest_Hardwoods"
2007-11-17,5377,"Duke_Forest_Hardwoods"
2007-12-03,5286,"Duke_Forest_Hardwoods"
2008-01-01,4867,"Duke_Forest_Hardwoods"
2008-01-17,4976,"Duke_Forest_Hardwoods"
2008-02-02,5304,"Duke_Forest_Hardwoods"
2008-02-18,5286,"Duke_Forest_Hardwoods"
2008-03-05,5021,"Duke_Forest_Hardwoods"
2008-03-21,4350,"Duke_Forest_Hardwoods"
2008-04-06,6313,"Duke_Forest_Hardwoods"
2008-04-22,8679,"Duke_Forest_Hardwoods"
2008-05-08,9036,"Duke_Forest_Hardwoods"
2008-05-24,8974,"Duke_Forest_Hardwoods"
2008-06-09,8915,"Duke_Forest_Hardwoods"
2008-06-25,9101,"Duke_Forest_Hardwoods"
2008-07-11,9027,"Duke_Forest_Hardwoods"
2008-07-27,8842,"Duke_Forest_Hardwoods"
2008-08-12,8899,"Duke_Forest_Hardwoods"
2008-08-28,8900,"Duke_Forest_Hardwoods"
2008-09-13,9041,"Duke_Forest_Hardwoods"
2008-09-29,8806,"Duke_Forest_Hardwoods"
2008-10-15,8273,"Duke_Forest_Hardwoods"
2008-10-31,7433,"Duke_Forest_Hardwoods"
2008-11-16,5251,"Duke_Forest_Hardwoods"
2008-12-02,5291,"Duke_Forest_Hardwoods"
2008-12-18,5786,"Duke_Forest_Hardwoods"
2009-01-01,5036,"Duke_Forest_Hardwoods"
2009-01-17,5007,"Duke_Forest_Hardwoods"
2009-02-02,4627,"Duke_Forest_Hardwoods"
2009-02-18,4510,"Duke_Forest_Hardwoods"
2009-03-06,5545,"Duke_Forest_Hardwoods"
2009-03-22,4940,"Duke_Forest_Hardwoods"
2009-04-07,6509,"Duke_Forest_Hardwoods"
2009-04-23,8354,"Duke_Forest_Hardwoods"
2009-05-09,8995,"Duke_Forest_Hardwoods"
2009-05-25,9247,"Duke_Forest_Hardwoods"
2009-06-10,9054,"Duke_Forest_Hardwoods"
2009-06-26,8753,"Duke_Forest_Hardwoods"
2009-07-12,8966,"Duke_Forest_Hardwoods"
2009-07-28,8957,"Duke_Forest_Hardwoods"
2009-08-13,6128,"Duke_Forest_Hardwoods"
2009-08-29,8656,"Duke_Forest_Hardwoods"
2009-09-14,8665,"Duke_Forest_Hardwoods"
2009-09-30,8711,"Duke_Forest_Hardwoods"
2009-10-16,7986,"Duke_Forest_Hardwoods"
2009-11-01,6538,"Duke_Forest_Hardwoods"
2009-11-17,5242,"Duke_Forest_Hardwoods"
2009-12-03,5190,"Duke_Forest_Hardwoods"
2009-12-19,4874,"Duke_Forest_Hardwoods"
2010-01-01,5097,"Duke_Forest_Hardwoods"
2010-01-17,5861,"Duke_Forest_Hardwoods"
2010-02-02,5040,"Duke_Forest_Hardwoods"
2010-02-18,5420,"Duke_Forest_Hardwoods"
2010-03-06,4268,"Duke_Forest_Hardwoods"
2010-03-22,5682,"Duke_Forest_Hardwoods"
2010-04-07,8122,"Duke_Forest_Hardwoods"
2010-04-23,8958,"Duke_Forest_Hardwoods"
2010-05-25,8963,"Duke_Forest_Hardwoods"
2010-06-10,9047,"Duke_Forest_Hardwoods"
2010-06-26,9164,"Duke_Forest_Hardwoods"
2010-07-12,9159,"Duke_Forest_Hardwoods"
2010-07-28,9119,"Duke_Forest_Hardwoods"
2010-08-13,8770,"Duke_Forest_Hardwoods"
2010-08-29,8476,"Duke_Forest_Hardwoods"
2010-09-14,8340,"Duke_Forest_Hardwoods"
2010-09-30,8595,"Duke_Forest_Hardwoods"
2010-10-16,7763,"Duke_Forest_Hardwoods"
2010-11-01,6890,"Duke_Forest_Hardwoods"
2010-11-17,5358,"Duke_Forest_Hardwoods"
2010-12-03,4680,"Duke_Forest_Hardwoods"
2010-12-19,5192,"Duke_Forest_Hardwoods"
2011-01-01,5084,"Duke_Forest_Hardwoods"
2011-02-02,5264,"Duke_Forest_Hardwoods"
2011-02-18,4860,"Duke_Forest_Hardwoods"
2011-03-06,4601,"Duke_Forest_Hardwoods"
2011-03-22,5584,"Duke_Forest_Hardwoods"
2011-04-07,7413,"Duke_Forest_Hardwoods"
2011-04-23,9076,"Duke_Forest_Hardwoods"
2011-05-09,8668,"Duke_Forest_Hardwoods"
2011-05-25,8945,"Duke_Forest_Hardwoods"
2011-06-10,8573,"Duke_Forest_Hardwoods"
2011-06-26,8606,"Duke_Forest_Hardwoods"
2011-07-12,8966,"Duke_Forest_Hardwoods"
2011-07-28,8600,"Duke_Forest_Hardwoods"
2011-08-29,8809,"Duke_Forest_Hardwoods"
2011-09-14,8399,"Duke_Forest_Hardwoods"
2011-10-16,7299,"Duke_Forest_Hardwoods"
2011-11-01,6921,"Duke_Forest_Hardwoods"
2011-11-17,5019,"Duke_Forest_Hardwoods"
2011-12-03,4715,"Duke_Forest_Hardwoods"
2011-12-19,5440,"Duke_Forest_Hardwoods"
2012-01-01,5440,"Duke_Forest_Hardwoods"
2012-01-17,4866,"Duke_Forest_Hardwoods"
2012-02-02,5370,"Duke_Forest_Hardwoods"
2012-02-18,5111,"Duke_Forest_Hardwoods"
2012-03-21,7763,"Duke_Forest_Hardwoods"
2012-04-06,8071,"Duke_Forest_Hardwoods"
2012-04-22,8996,"Duke_Forest_Hardwoods"
2012-05-08,8564,"Duke_Forest_Hardwoods"
2012-05-24,9039,"Duke_Forest_Hardwoods"
2012-06-09,8879,"Duke_Forest_Hardwoods"
2012-06-25,8777,"Duke_Forest_Hardwoods"
2012-07-27,8818,"Duke_Forest_Hardwoods"
2012-08-12,8733,"Duke_Forest_Hardwoods"
2012-09-13,8693,"Duke_Forest_Hardwoods"
2012-09-29,8119,"Duke_Forest_Hardwoods"
2012-10-15,6902,"Duke_Forest_Hardwoods"
2012-10-31,6046,"Duke_Forest_Hardwoods"
2012-11-16,5310,"Duke_Forest_Hardwoods"
2012-12-02,4883,"Duke_Forest_Hardwoods"
2012-12-18,4731,"Duke_Forest_Hardwoods"
2013-01-01,4494,"Duke_Forest_Hardwoods"
2013-01-17,5154,"Duke_Forest_Hardwoods"
2013-02-02,4955,"Duke_Forest_Hardwoods"
2013-02-18,5054,"Duke_Forest_Hardwoods"
2013-03-06,4568,"Duke_Forest_Hardwoods"
2013-03-22,4909,"Duke_Forest_Hardwoods"
2013-04-07,8182,"Duke_Forest_Hardwoods"
2013-04-23,8629,"Duke_Forest_Hardwoods"
2013-05-09,8829,"Duke_Forest_Hardwoods"
2013-05-25,8961,"Duke_Forest_Hardwoods"
2013-06-10,8844,"Duke_Forest_Hardwoods"
2013-06-26,6749,"Duke_Forest_Hardwoods"
2013-07-12,9111,"Duke_Forest_Hardwoods"
2013-07-28,8742,"Duke_Forest_Hardwoods"
2013-08-13,8553,"Duke_Forest_Hardwoods"
2013-08-29,8429,"Duke_Forest_Hardwoods"
2013-09-14,8258,"Duke_Forest_Hardwoods"
2013-09-30,8095,"Duke_Forest_Hardwoods"
2013-10-16,7856,"Duke_Forest_Hardwoods"
2013-11-01,6428,"Duke_Forest_Hardwoods"
2013-11-17,5130,"Duke_Forest_Hardwoods"
2013-12-03,5437,"Duke_Forest_Hardwoods"
2013-12-19,5410,"Duke_Forest_Hardwoods"
2014-01-17,5054,"Duke_Forest_Hardwoods"
2000-02-18,1958,"Kendall_Grassland"
2000-03-05,1865,"Kendall_Grassland"
2000-03-21,1807,"Kendall_Grassland"
2000-04-06,1794,"Kendall_Grassland"
2000-04-22,1759,"Kendall_Grassland"
2000-05-08,1775,"Kendall_Grassland"
2000-05-24,1897,"Kendall_Grassland"
2000-06-09,1930,"Kendall_Grassland"
2000-06-25,3314,"Kendall_Grassland"
2000-07-11,4013,"Kendall_Grassland"
2000-07-27,3173,"Kendall_Grassland"
2000-08-12,4342,"Kendall_Grassland"
2000-08-28,4003,"Kendall_Grassland"
2000-09-13,2605,"Kendall_Grassland"
2000-09-29,2390,"Kendall_Grassland"
2000-10-15,2286,"Kendall_Grassland"
2000-10-31,2319,"Kendall_Grassland"
2000-11-16,1930,"Kendall_Grassland"
2000-12-02,1926,"Kendall_Grassland"
2000-12-18,1936,"Kendall_Grassland"
2001-01-01,2074,"Kendall_Grassland"
2001-01-17,1929,"Kendall_Grassland"
2001-02-02,1778,"Kendall_Grassland"
2001-02-18,1912,"Kendall_Grassland"
2001-03-06,2238,"Kendall_Grassland"
2001-03-22,2532,"Kendall_Grassland"
2001-04-07,3027,"Kendall_Grassland"
2001-04-23,2865,"Kendall_Grassland"
2001-05-09,2857,"Kendall_Grassland"
2001-05-25,2540,"Kendall_Grassland"
2001-06-10,2230,"Kendall_Grassland"
2001-06-26,2757,"Kendall_Grassland"
2001-07-12,2681,"Kendall_Grassland"
2001-07-28,4469,"Kendall_Grassland"
2001-08-13,4817,"Kendall_Grassland"
2001-08-29,3759,"Kendall_Grassland"
2001-09-14,3563,"Kendall_Grassland"
2001-09-30,2963,"Kendall_Grassland"
2001-10-16,2349,"Kendall_Grassland"
2001-11-01,2305,"Kendall_Grassland"
2001-11-17,2251,"Kendall_Grassland"
2001-12-03,2403,"Kendall_Grassland"
2001-12-19,1907,"Kendall_Grassland"
2002-01-01,2018,"Kendall_Grassland"
2002-01-17,1972,"Kendall_Grassland"
2002-02-02,1796,"Kendall_Grassland"
2002-02-18,1695,"Kendall_Grassland"
2002-03-06,1997,"Kendall_Grassland"
2002-03-22,1713,"Kendall_Grassland"
2002-04-07,1717,"Kendall_Grassland"
2002-04-23,1693,"Kendall_Grassland"
2002-05-09,1731,"Kendall_Grassland"
2002-05-25,1675,"Kendall_Grassland"
2002-06-10,1621,"Kendall_Grassland"
2002-06-26,1592,"Kendall_Grassland"
2002-07-12,1919,"Kendall_Grassland"
2002-07-28,3615,"Kendall_Grassland"
2002-08-13,4838,"Kendall_Grassland"
2002-08-29,3292,"Kendall_Grassland"
2002-09-14,3423,"Kendall_Grassland"
2002-09-30,2581,"Kendall_Grassland"
2002-10-16,2123,"Kendall_Grassland"
2002-11-01,2269,"Kendall_Grassland"
2002-11-17,1971,"Kendall_Grassland"
2002-12-03,1839,"Kendall_Grassland"
2002-12-19,1905,"Kendall_Grassland"
2003-01-01,1728,"Kendall_Grassland"
2003-01-17,1796,"Kendall_Grassland"
2003-02-02,1961,"Kendall_Grassland"
2003-02-18,1956,"Kendall_Grassland"
2003-03-06,1780,"Kendall_Grassland"
2003-03-22,1825,"Kendall_Grassland"
2003-04-07,1840,"Kendall_Grassland"
2003-04-23,1900,"Kendall_Grassland"
2003-05-09,1981,"Kendall_Grassland"
2003-05-25,1808,"Kendall_Grassland"
2003-06-10,1839,"Kendall_Grassland"
2003-06-26,1712,"Kendall_Grassland"
2003-07-12,1853,"Kendall_Grassland"
2003-07-28,2285,"Kendall_Grassland"
2003-08-13,1889,"Kendall_Grassland"
2003-08-29,2549,"Kendall_Grassland"
2003-09-30,2233,"Kendall_Grassland"
2003-10-16,2253,"Kendall_Grassland"
2003-11-01,2194,"Kendall_Grassland"
2003-11-17,1885,"Kendall_Grassland"
2003-12-03,1912,"Kendall_Grassland"
2003-12-19,1711,"Kendall_Grassland"
2004-01-01,1626,"Kendall_Grassland"
2004-01-17,1638,"Kendall_Grassland"
2004-02-02,1645,"Kendall_Grassland"
2004-02-18,1498,"Kendall_Grassland"
2004-03-05,1563,"Kendall_Grassland"
2004-03-21,1932,"Kendall_Grassland"
2004-04-06,2232,"Kendall_Grassland"
2004-04-22,2573,"Kendall_Grassland"
2004-05-08,2657,"Kendall_Grassland"
2004-05-24,2176,"Kendall_Grassland"
2004-06-09,1963,"Kendall_Grassland"
2004-06-25,1967,"Kendall_Grassland"
2004-07-27,3242,"Kendall_Grassland"
2004-08-12,3221,"Kendall_Grassland"
2004-08-28,2413,"Kendall_Grassland"
2004-09-13,2965,"Kendall_Grassland"
2004-09-29,3221,"Kendall_Grassland"
2004-10-15,2471,"Kendall_Grassland"
2004-10-31,1998,"Kendall_Grassland"
2004-11-16,1913,"Kendall_Grassland"
2004-12-02,1835,"Kendall_Grassland"
2004-12-18,1733,"Kendall_Grassland"
2005-01-01,1702,"Kendall_Grassland"
2005-01-17,1669,"Kendall_Grassland"
2005-02-02,1592,"Kendall_Grassland"
2005-02-18,1615,"Kendall_Grassland"
2005-03-06,1859,"Kendall_Grassland"
2005-03-22,1933,"Kendall_Grassland"
2005-04-07,1906,"Kendall_Grassland"
2005-04-23,1766,"Kendall_Grassland"
2005-05-09,1748,"Kendall_Grassland"
2005-05-25,1799,"Kendall_Grassland"
2005-06-10,1799,"Kendall_Grassland"
2005-06-26,1600,"Kendall_Grassland"
2005-07-12,1638,"Kendall_Grassland"
2005-07-28,1837,"Kendall_Grassland"
2005-08-13,2852,"Kendall_Grassland"
2005-08-29,2808,"Kendall_Grassland"
2005-09-14,2352,"Kendall_Grassland"
2005-09-30,2123,"Kendall_Grassland"
2005-10-16,2009,"Kendall_Grassland"
2005-11-01,1745,"Kendall_Grassland"
2005-11-17,1703,"Kendall_Grassland"
2005-12-03,1940,"Kendall_Grassland"
2005-12-19,1663,"Kendall_Grassland"
2006-01-01,1532,"Kendall_Grassland"
2006-01-17,1514,"Kendall_Grassland"
2006-02-02,1521,"Kendall_Grassland"
2006-02-18,1506,"Kendall_Grassland"
2006-03-06,1495,"Kendall_Grassland"
2006-03-22,1480,"Kendall_Grassland"
2006-04-07,1510,"Kendall_Grassland"
2006-04-23,1394,"Kendall_Grassland"
2006-05-09,1578,"Kendall_Grassland"
2006-05-25,1384,"Kendall_Grassland"
2006-06-10,1552,"Kendall_Grassland"
2006-06-26,1494,"Kendall_Grassland"
2006-07-12,1481,"Kendall_Grassland"
2006-07-28,1942,"Kendall_Grassland"
2006-08-13,4319,"Kendall_Grassland"
2006-08-29,5514,"Kendall_Grassland"
2006-09-14,5599,"Kendall_Grassland"
2006-09-30,3635,"Kendall_Grassland"
2006-10-16,3241,"Kendall_Grassland"
2006-11-01,2620,"Kendall_Grassland"
2006-11-17,2523,"Kendall_Grassland"
2006-12-03,2351,"Kendall_Grassland"
2006-12-19,2284,"Kendall_Grassland"
2007-01-01,2155,"Kendall_Grassland"
2007-01-17,1777,"Kendall_Grassland"
2007-02-02,1769,"Kendall_Grassland"
2007-02-18,1780,"Kendall_Grassland"
2007-03-06,1783,"Kendall_Grassland"
2007-03-22,2003,"Kendall_Grassland"
2007-04-07,2427,"Kendall_Grassland"
2007-04-23,2020,"Kendall_Grassland"
2007-05-09,2039,"Kendall_Grassland"
2007-05-25,1911,"Kendall_Grassland"
2007-06-10,1878,"Kendall_Grassland"
2007-06-26,1758,"Kendall_Grassland"
2007-07-12,2244,"Kendall_Grassland"
2007-07-28,5722,"Kendall_Grassland"
2007-08-13,5158,"Kendall_Grassland"
2007-08-29,3613,"Kendall_Grassland"
2007-09-14,3103,"Kendall_Grassland"
2007-09-30,2911,"Kendall_Grassland"
2007-10-16,2720,"Kendall_Grassland"
2007-11-01,2527,"Kendall_Grassland"
2007-11-17,2264,"Kendall_Grassland"
2008-01-01,1802,"Kendall_Grassland"
2008-01-17,1721,"Kendall_Grassland"
2008-02-02,1640,"Kendall_Grassland"
2008-02-18,1792,"Kendall_Grassland"
2008-03-05,1865,"Kendall_Grassland"
2008-03-21,1684,"Kendall_Grassland"
2008-04-06,1584,"Kendall_Grassland"
2008-04-22,1568,"Kendall_Grassland"
2008-05-08,1572,"Kendall_Grassland"
2008-05-24,1551,"Kendall_Grassland"
2008-06-09,1490,"Kendall_Grassland"
2008-06-25,1592,"Kendall_Grassland"
2008-07-11,2511,"Kendall_Grassland"
2008-07-27,4154,"Kendall_Grassland"
2008-08-12,4795,"Kendall_Grassland"
2008-08-28,4156,"Kendall_Grassland"
2008-09-13,4450,"Kendall_Grassland"
2008-09-29,3200,"Kendall_Grassland"
2008-10-15,2470,"Kendall_Grassland"
2008-10-31,2324,"Kendall_Grassland"
2008-11-16,2075,"Kendall_Grassland"
2008-12-02,1828,"Kendall_Grassland"
2008-12-18,1721,"Kendall_Grassland"
2009-01-01,1545,"Kendall_Grassland"
2009-01-17,1583,"Kendall_Grassland"
2009-02-02,1534,"Kendall_Grassland"
2009-02-18,1453,"Kendall_Grassland"
2009-03-06,1518,"Kendall_Grassland"
2009-03-22,1527,"Kendall_Grassland"
2009-04-07,1554,"Kendall_Grassland"
2009-04-23,1477,"Kendall_Grassland"
2009-05-09,1504,"Kendall_Grassland"
2009-05-25,1562,"Kendall_Grassland"
2009-06-10,1546,"Kendall_Grassland"
2009-06-26,1708,"Kendall_Grassland"
2009-07-12,1693,"Kendall_Grassland"
2009-07-28,1895,"Kendall_Grassland"
2009-08-13,3201,"Kendall_Grassland"
2009-08-29,3461,"Kendall_Grassland"
2009-09-14,3228,"Kendall_Grassland"
2009-09-30,2690,"Kendall_Grassland"
2009-10-16,2452,"Kendall_Grassland"
2009-11-01,1814,"Kendall_Grassland"
2009-11-17,1797,"Kendall_Grassland"
2009-12-03,1696,"Kendall_Grassland"
2009-12-19,1706,"Kendall_Grassland"
2010-01-01,1509,"Kendall_Grassland"
2010-01-17,1554,"Kendall_Grassland"
2010-02-02,1440,"Kendall_Grassland"
2010-02-18,1482,"Kendall_Grassland"
2010-03-06,1479,"Kendall_Grassland"
2010-03-22,1984,"Kendall_Grassland"
2010-04-07,2077,"Kendall_Grassland"
2010-04-23,2651,"Kendall_Grassland"
2010-05-25,2104,"Kendall_Grassland"
2010-06-10,2064,"Kendall_Grassland"
2010-06-26,2204,"Kendall_Grassland"
2010-07-12,2603,"Kendall_Grassland"
2010-07-28,4014,"Kendall_Grassland"
2010-08-13,5174,"Kendall_Grassland"
2010-08-29,3879,"Kendall_Grassland"
2010-09-14,3295,"Kendall_Grassland"
2010-09-30,2826,"Kendall_Grassland"
2010-10-16,2205,"Kendall_Grassland"
2010-11-01,2160,"Kendall_Grassland"
2010-11-17,1987,"Kendall_Grassland"
2010-12-03,2075,"Kendall_Grassland"
2010-12-19,1762,"Kendall_Grassland"
2011-01-01,1654,"Kendall_Grassland"
2011-01-17,1848,"Kendall_Grassland"
2011-02-02,1554,"Kendall_Grassland"
2011-02-18,1525,"Kendall_Grassland"
2011-03-06,1632,"Kendall_Grassland"
2011-03-22,1540,"Kendall_Grassland"
2011-04-07,1379,"Kendall_Grassland"
2011-04-23,1426,"Kendall_Grassland"
2011-05-09,1397,"Kendall_Grassland"
2011-05-25,1411,"Kendall_Grassland"
2011-06-10,1357,"Kendall_Grassland"
2011-06-26,1618,"Kendall_Grassland"
2011-07-12,1901,"Kendall_Grassland"
2011-07-28,3602,"Kendall_Grassland"
2011-08-13,5058,"Kendall_Grassland"
2011-08-29,3794,"Kendall_Grassland"
2011-09-14,4007,"Kendall_Grassland"
2011-10-16,2729,"Kendall_Grassland"
2011-11-01,2544,"Kendall_Grassland"
2011-11-17,2452,"Kendall_Grassland"
2011-12-03,1737,"Kendall_Grassland"
2011-12-19,1606,"Kendall_Grassland"
2012-01-01,1606,"Kendall_Grassland"
2012-01-17,1929,"Kendall_Grassland"
2012-02-02,1547,"Kendall_Grassland"
2012-02-18,1646,"Kendall_Grassland"
2012-03-21,1618,"Kendall_Grassland"
2012-04-06,1665,"Kendall_Grassland"
2012-05-24,1691,"Kendall_Grassland"
2012-06-09,1654,"Kendall_Grassland"
2012-06-25,1763,"Kendall_Grassland"
2012-07-27,4318,"Kendall_Grassland"
2012-08-12,3824,"Kendall_Grassland"
2012-08-28,3144,"Kendall_Grassland"
2012-09-13,3708,"Kendall_Grassland"
2012-09-29,3257,"Kendall_Grassland"
2012-10-15,2758,"Kendall_Grassland"
2012-10-31,2420,"Kendall_Grassland"
2012-11-16,2167,"Kendall_Grassland"
2012-12-02,2467,"Kendall_Grassland"
2012-12-18,2091,"Kendall_Grassland"
2013-01-01,2248,"Kendall_Grassland"
2013-01-17,1836,"Kendall_Grassland"
2013-02-02,1946,"Kendall_Grassland"
2013-02-18,1561,"Kendall_Grassland"
2013-03-06,1716,"Kendall_Grassland"
2013-03-22,1735,"Kendall_Grassland"
2013-04-07,1730,"Kendall_Grassland"
2013-04-23,1702,"Kendall_Grassland"
2013-05-09,1642,"Kendall_Grassland"
2013-05-25,1562,"Kendall_Grassland"
2013-06-10,1625,"Kendall_Grassland"
2013-06-26,1844,"Kendall_Grassland"
2013-07-12,2769,"Kendall_Grassland"
2013-07-28,4168,"Kendall_Grassland"
2013-08-13,3906,"Kendall_Grassland"
2013-08-29,2784,"Kendall_Grassland"
2013-09-14,3041,"Kendall_Grassland"
2013-09-30,2824,"Kendall_Grassland"
2013-10-16,2195,"Kendall_Grassland"
2013-11-01,2051,"Kendall_Grassland"
2013-11-17,1986,"Kendall_Grassland"
2013-12-03,1829,"Kendall_Grassland"
2013-12-19,2006,"Kendall_Grassland"
2014-01-17,2014,"Kendall_Grassland"
2000-02-18,2398,"Mead_Rainfed"
2000-03-05,2531,"Mead_Rainfed"
2000-03-21,2680,"Mead_Rainfed"
2000-04-06,2958,"Mead_Rainfed"
2000-05-08,4042,"Mead_Rainfed"
2000-05-24,3529,"Mead_Rainfed"
2000-06-09,4683,"Mead_Rainfed"
2000-06-25,7270,"Mead_Rainfed"
2000-07-11,8717,"Mead_Rainfed"
2000-07-27,8871,"Mead_Rainfed"
2000-08-12,8241,"Mead_Rainfed"
2000-08-28,7486,"Mead_Rainfed"
2000-09-13,4172,"Mead_Rainfed"
2000-09-29,3112,"Mead_Rainfed"
2000-10-15,2907,"Mead_Rainfed"
2000-10-31,-55,"Mead_Rainfed"
2000-11-16,2424,"Mead_Rainfed"
2000-12-02,2533,"Mead_Rainfed"
2000-12-18,172,"Mead_Rainfed"
2001-01-01,156,"Mead_Rainfed"
2001-01-17,2519,"Mead_Rainfed"
2001-02-02,17,"Mead_Rainfed"
2001-02-18,12,"Mead_Rainfed"
2001-03-06,2856,"Mead_Rainfed"
2001-03-22,2764,"Mead_Rainfed"
2001-04-07,2691,"Mead_Rainfed"
2001-04-23,2968,"Mead_Rainfed"
2001-05-09,2609,"Mead_Rainfed"
2001-05-25,3302,"Mead_Rainfed"
2001-06-10,3204,"Mead_Rainfed"
2001-06-26,8145,"Mead_Rainfed"
2001-07-12,8600,"Mead_Rainfed"
2001-07-28,7841,"Mead_Rainfed"
2001-08-13,7575,"Mead_Rainfed"
2001-08-29,7946,"Mead_Rainfed"
2001-09-14,7252,"Mead_Rainfed"
2001-09-30,6217,"Mead_Rainfed"
2001-10-16,3465,"Mead_Rainfed"
2001-11-01,2898,"Mead_Rainfed"
2001-11-17,2807,"Mead_Rainfed"
2001-12-03,2164,"Mead_Rainfed"
2001-12-19,2199,"Mead_Rainfed"
2002-01-01,2224,"Mead_Rainfed"
2002-01-17,2525,"Mead_Rainfed"
2002-02-02,58,"Mead_Rainfed"
2002-02-18,2210,"Mead_Rainfed"
2002-03-06,392,"Mead_Rainfed"
2002-03-22,2215,"Mead_Rainfed"
2002-04-07,2484,"Mead_Rainfed"
2002-04-23,2527,"Mead_Rainfed"
2002-05-09,2745,"Mead_Rainfed"
2002-05-25,2553,"Mead_Rainfed"
2002-06-10,4259,"Mead_Rainfed"
2002-06-26,4568,"Mead_Rainfed"
2002-07-12,7469,"Mead_Rainfed"
2002-07-28,8040,"Mead_Rainfed"
2002-08-13,8493,"Mead_Rainfed"
2002-08-29,8148,"Mead_Rainfed"
2002-09-14,6177,"Mead_Rainfed"
2002-09-30,3171,"Mead_Rainfed"
2002-10-16,2799,"Mead_Rainfed"
2002-11-01,2398,"Mead_Rainfed"
2002-11-17,2677,"Mead_Rainfed"
2002-12-03,2337,"Mead_Rainfed"
2002-12-19,2278,"Mead_Rainfed"
2003-01-01,2374,"Mead_Rainfed"
2003-01-17,133,"Mead_Rainfed"
2003-02-02,-66,"Mead_Rainfed"
2003-02-18,252,"Mead_Rainfed"
2003-03-06,2670,"Mead_Rainfed"
2003-03-22,2338,"Mead_Rainfed"
2003-04-07,-125,"Mead_Rainfed"
2003-04-23,2762,"Mead_Rainfed"
2003-05-09,3317,"Mead_Rainfed"
2003-05-25,3336,"Mead_Rainfed"
2003-06-10,6494,"Mead_Rainfed"
2003-06-26,8317,"Mead_Rainfed"
2003-07-12,8125,"Mead_Rainfed"
2003-07-28,8363,"Mead_Rainfed"
2003-08-13,7643,"Mead_Rainfed"
2003-08-29,6311,"Mead_Rainfed"
2003-09-30,4300,"Mead_Rainfed"
2003-10-16,3197,"Mead_Rainfed"
2003-11-01,2669,"Mead_Rainfed"
2003-11-17,2211,"Mead_Rainfed"
2003-12-03,3074,"Mead_Rainfed"
2003-12-19,2095,"Mead_Rainfed"
2004-01-01,2095,"Mead_Rainfed"
2004-01-17,2020,"Mead_Rainfed"
2004-02-02,-157,"Mead_Rainfed"
2004-02-18,-547,"Mead_Rainfed"
2004-03-05,2406,"Mead_Rainfed"
2004-03-21,2033,"Mead_Rainfed"
2004-04-06,2214,"Mead_Rainfed"
2004-04-22,3665,"Mead_Rainfed"
2004-05-08,2532,"Mead_Rainfed"
2004-05-24,2605,"Mead_Rainfed"
2004-06-09,3583,"Mead_Rainfed"
2004-06-25,3978,"Mead_Rainfed"
2004-07-11,7501,"Mead_Rainfed"
2004-07-27,9091,"Mead_Rainfed"
2004-08-12,9091,"Mead_Rainfed"
2004-08-28,9155,"Mead_Rainfed"
2004-09-13,6945,"Mead_Rainfed"
2004-09-29,3940,"Mead_Rainfed"
2004-10-15,2596,"Mead_Rainfed"
2004-10-31,2371,"Mead_Rainfed"
2004-11-16,2564,"Mead_Rainfed"
2004-12-02,2228,"Mead_Rainfed"
2004-12-18,2089,"Mead_Rainfed"
2005-01-01,-261,"Mead_Rainfed"
2005-01-17,-206,"Mead_Rainfed"
2005-02-18,2538,"Mead_Rainfed"
2005-03-06,2224,"Mead_Rainfed"
2005-03-22,2293,"Mead_Rainfed"
2005-04-07,2409,"Mead_Rainfed"
2005-04-23,2586,"Mead_Rainfed"
2005-05-09,3976,"Mead_Rainfed"
2005-05-25,2832,"Mead_Rainfed"
2005-06-10,6352,"Mead_Rainfed"
2005-06-26,7647,"Mead_Rainfed"
2005-07-12,7703,"Mead_Rainfed"
2005-07-28,8623,"Mead_Rainfed"
2005-08-13,8170,"Mead_Rainfed"
2005-08-29,7792,"Mead_Rainfed"
2005-09-14,6618,"Mead_Rainfed"
2005-09-30,4530,"Mead_Rainfed"
2005-10-16,2719,"Mead_Rainfed"
2005-11-01,2322,"Mead_Rainfed"
2005-11-17,2191,"Mead_Rainfed"
2005-12-03,1947,"Mead_Rainfed"
2005-12-19,1929,"Mead_Rainfed"
2006-01-01,1909,"Mead_Rainfed"
2006-01-17,2002,"Mead_Rainfed"
2006-02-02,1882,"Mead_Rainfed"
2006-02-18,1991,"Mead_Rainfed"
2006-03-06,1973,"Mead_Rainfed"
2006-03-22,2059,"Mead_Rainfed"
2006-04-07,2991,"Mead_Rainfed"
2006-04-23,2391,"Mead_Rainfed"
2006-05-09,2963,"Mead_Rainfed"
2006-05-25,2630,"Mead_Rainfed"
2006-06-10,3794,"Mead_Rainfed"
2006-06-26,4721,"Mead_Rainfed"
2006-07-12,8682,"Mead_Rainfed"
2006-07-28,8896,"Mead_Rainfed"
2006-08-13,9168,"Mead_Rainfed"
2006-08-29,8965,"Mead_Rainfed"
2006-09-14,8037,"Mead_Rainfed"
2006-09-30,4190,"Mead_Rainfed"
2006-10-16,2371,"Mead_Rainfed"
2006-11-01,2343,"Mead_Rainfed"
2006-11-17,2355,"Mead_Rainfed"
2006-12-03,2196,"Mead_Rainfed"
2006-12-19,2103,"Mead_Rainfed"
2007-01-01,-2,"Mead_Rainfed"
2007-01-17,-373,"Mead_Rainfed"
2007-02-02,234,"Mead_Rainfed"
2007-02-18,129,"Mead_Rainfed"
2007-03-06,2339,"Mead_Rainfed"
2007-03-22,3062,"Mead_Rainfed"
2007-04-07,2442,"Mead_Rainfed"
2007-04-23,2630,"Mead_Rainfed"
2007-05-09,2705,"Mead_Rainfed"
2007-05-25,4023,"Mead_Rainfed"
2007-06-10,6718,"Mead_Rainfed"
2007-06-26,8570,"Mead_Rainfed"
2007-07-12,8678,"Mead_Rainfed"
2007-07-28,8754,"Mead_Rainfed"
2007-08-13,8561,"Mead_Rainfed"
2007-08-29,7698,"Mead_Rainfed"
2007-09-14,4983,"Mead_Rainfed"
2007-09-30,5968,"Mead_Rainfed"
2007-10-16,3329,"Mead_Rainfed"
2007-11-01,3194,"Mead_Rainfed"
2007-11-17,2540,"Mead_Rainfed"
2008-01-01,-282,"Mead_Rainfed"
2008-01-17,-148,"Mead_Rainfed"
2008-02-02,-163,"Mead_Rainfed"
2008-02-18,2614,"Mead_Rainfed"
2008-03-05,2411,"Mead_Rainfed"
2008-03-21,2303,"Mead_Rainfed"
2008-04-06,2260,"Mead_Rainfed"
2008-04-22,2684,"Mead_Rainfed"
2008-05-08,2329,"Mead_Rainfed"
2008-05-24,2877,"Mead_Rainfed"
2008-06-09,3869,"Mead_Rainfed"
2008-06-25,5732,"Mead_Rainfed"
2008-07-11,7709,"Mead_Rainfed"
2008-07-27,9130,"Mead_Rainfed"
2008-08-12,9212,"Mead_Rainfed"
2008-08-28,8752,"Mead_Rainfed"
2008-09-13,8113,"Mead_Rainfed"
2008-09-29,4164,"Mead_Rainfed"
2008-10-15,3154,"Mead_Rainfed"
2008-10-31,2619,"Mead_Rainfed"
2008-11-16,2010,"Mead_Rainfed"
2008-12-02,2004,"Mead_Rainfed"
2008-12-18,1854,"Mead_Rainfed"
2009-01-01,1959,"Mead_Rainfed"
2009-01-17,2056,"Mead_Rainfed"
2009-02-02,2147,"Mead_Rainfed"
2009-02-18,1937,"Mead_Rainfed"
2009-03-06,1997,"Mead_Rainfed"
2009-03-22,2215,"Mead_Rainfed"
2009-04-07,2178,"Mead_Rainfed"
2009-04-23,2539,"Mead_Rainfed"
2009-05-09,3570,"Mead_Rainfed"
2009-06-10,8489,"Mead_Rainfed"
2009-06-26,8922,"Mead_Rainfed"
2009-07-12,9067,"Mead_Rainfed"
2009-07-28,8957,"Mead_Rainfed"
2009-08-13,8373,"Mead_Rainfed"
2009-08-29,6865,"Mead_Rainfed"
2009-09-14,4731,"Mead_Rainfed"
2009-09-30,3726,"Mead_Rainfed"
2009-10-16,3644,"Mead_Rainfed"
2009-11-01,2337,"Mead_Rainfed"
2009-11-17,2081,"Mead_Rainfed"
2009-12-03,-76,"Mead_Rainfed"
2009-12-19,-196,"Mead_Rainfed"
2010-01-01,-255,"Mead_Rainfed"
2010-01-17,-237,"Mead_Rainfed"
2010-02-02,-46,"Mead_Rainfed"
2010-02-18,-77,"Mead_Rainfed"
2010-03-06,2266,"Mead_Rainfed"
2010-03-22,2379,"Mead_Rainfed"
2010-04-07,2124,"Mead_Rainfed"
2010-04-23,2628,"Mead_Rainfed"
2010-05-25,3004,"Mead_Rainfed"
2010-06-10,4223,"Mead_Rainfed"
2010-06-26,7177,"Mead_Rainfed"
2010-07-12,6435,"Mead_Rainfed"
2010-07-28,9019,"Mead_Rainfed"
2010-08-13,9311,"Mead_Rainfed"
2010-08-29,8994,"Mead_Rainfed"
2010-09-14,8199,"Mead_Rainfed"
2010-09-30,3716,"Mead_Rainfed"
2010-11-01,2503,"Mead_Rainfed"
2010-11-17,2095,"Mead_Rainfed"
2010-12-03,2099,"Mead_Rainfed"
2010-12-19,980,"Mead_Rainfed"
2011-01-01,-151,"Mead_Rainfed"
2011-01-17,-204,"Mead_Rainfed"
2011-02-02,-363,"Mead_Rainfed"
2011-02-18,2384,"Mead_Rainfed"
2011-03-06,1902,"Mead_Rainfed"
2011-03-22,2200,"Mead_Rainfed"
2011-04-07,2048,"Mead_Rainfed"
2011-04-23,2231,"Mead_Rainfed"
2011-05-09,2593,"Mead_Rainfed"
2011-05-25,2688,"Mead_Rainfed"
2011-06-10,6712,"Mead_Rainfed"
2011-06-26,8051,"Mead_Rainfed"
2011-07-12,8639,"Mead_Rainfed"
2011-07-28,8426,"Mead_Rainfed"
2011-08-13,8016,"Mead_Rainfed"
2011-08-29,7763,"Mead_Rainfed"
2011-09-14,5050,"Mead_Rainfed"
2011-10-16,2684,"Mead_Rainfed"
2011-11-01,2465,"Mead_Rainfed"
2011-11-17,2385,"Mead_Rainfed"
2011-12-03,2072,"Mead_Rainfed"
2011-12-19,2255,"Mead_Rainfed"
2012-01-01,2098,"Mead_Rainfed"
2012-01-17,2124,"Mead_Rainfed"
2012-02-02,-176,"Mead_Rainfed"
2012-02-18,1986,"Mead_Rainfed"
2012-04-06,2836,"Mead_Rainfed"
2012-05-08,3423,"Mead_Rainfed"
2012-05-24,2765,"Mead_Rainfed"
2012-06-09,4471,"Mead_Rainfed"
2012-06-25,6729,"Mead_Rainfed"
2012-07-27,8170,"Mead_Rainfed"
2012-08-12,7775,"Mead_Rainfed"
2012-08-28,7612,"Mead_Rainfed"
2012-09-13,5247,"Mead_Rainfed"
2012-09-29,2704,"Mead_Rainfed"
2012-10-15,2305,"Mead_Rainfed"
2012-10-31,2145,"Mead_Rainfed"
2012-11-16,2163,"Mead_Rainfed"
2012-12-02,2070,"Mead_Rainfed"
2012-12-18,-214,"Mead_Rainfed"
2013-01-01,-334,"Mead_Rainfed"
2013-01-17,1849,"Mead_Rainfed"
2013-02-02,2043,"Mead_Rainfed"
2013-02-18,2068,"Mead_Rainfed"
2013-03-06,2457,"Mead_Rainfed"
2013-03-22,2196,"Mead_Rainfed"
2013-04-07,2366,"Mead_Rainfed"
2013-04-23,2161,"Mead_Rainfed"
2013-05-09,2551,"Mead_Rainfed"
2013-05-25,2696,"Mead_Rainfed"
2013-06-10,3318,"Mead_Rainfed"
2013-06-26,7797,"Mead_Rainfed"
2013-07-12,8094,"Mead_Rainfed"
2013-07-28,8400,"Mead_Rainfed"
2013-08-13,8229,"Mead_Rainfed"
2013-08-29,7681,"Mead_Rainfed"
2013-09-14,5993,"Mead_Rainfed"
2013-09-30,3967,"Mead_Rainfed"
2013-10-16,2919,"Mead_Rainfed"
2013-11-01,2208,"Mead_Rainfed"
2013-11-17,2663,"Mead_Rainfed"
2013-12-03,77,"Mead_Rainfed"
2013-12-19,2087,"Mead_Rainfed"
2014-01-17,2179,"Mead_Rainfed"
2000-02-18,7118,"North_Carolina_Loblolly_Pine"
2000-03-05,6869,"North_Carolina_Loblolly_Pine"
2000-04-06,7513,"North_Carolina_Loblolly_Pine"
2000-04-22,8019,"North_Carolina_Loblolly_Pine"
2000-05-08,8435,"North_Carolina_Loblolly_Pine"
2000-05-24,8590,"North_Carolina_Loblolly_Pine"
2000-06-09,8828,"North_Carolina_Loblolly_Pine"
2000-06-25,8529,"North_Carolina_Loblolly_Pine"
2000-07-11,8978,"North_Carolina_Loblolly_Pine"
2000-07-27,6961,"North_Carolina_Loblolly_Pine"
2000-08-12,8873,"North_Carolina_Loblolly_Pine"
2000-08-28,9466,"North_Carolina_Loblolly_Pine"
2000-09-13,8806,"North_Carolina_Loblolly_Pine"
2000-09-29,8490,"North_Carolina_Loblolly_Pine"
2000-10-15,8420,"North_Carolina_Loblolly_Pine"
2000-10-31,8123,"North_Carolina_Loblolly_Pine"
2000-11-16,7930,"North_Carolina_Loblolly_Pine"
2000-12-02,7096,"North_Carolina_Loblolly_Pine"
2000-12-18,8190,"North_Carolina_Loblolly_Pine"
2001-01-01,7832,"North_Carolina_Loblolly_Pine"
2001-01-17,7106,"North_Carolina_Loblolly_Pine"
2001-02-02,7423,"North_Carolina_Loblolly_Pine"
2001-02-18,7629,"North_Carolina_Loblolly_Pine"
2001-03-06,7176,"North_Carolina_Loblolly_Pine"
2001-03-22,6913,"North_Carolina_Loblolly_Pine"
2001-04-07,7189,"North_Carolina_Loblolly_Pine"
2001-04-23,7077,"North_Carolina_Loblolly_Pine"
2001-05-09,7765,"North_Carolina_Loblolly_Pine"
2001-05-25,8144,"North_Carolina_Loblolly_Pine"
2001-06-10,8570,"North_Carolina_Loblolly_Pine"
2001-06-26,8803,"North_Carolina_Loblolly_Pine"
2001-07-12,8627,"North_Carolina_Loblolly_Pine"
2001-07-28,8825,"North_Carolina_Loblolly_Pine"
2001-08-13,9187,"North_Carolina_Loblolly_Pine"
2001-08-29,8850,"North_Carolina_Loblolly_Pine"
2001-09-14,8947,"North_Carolina_Loblolly_Pine"
2001-09-30,8618,"North_Carolina_Loblolly_Pine"
2001-10-16,8286,"North_Carolina_Loblolly_Pine"
2001-11-01,8138,"North_Carolina_Loblolly_Pine"
2001-11-17,8163,"North_Carolina_Loblolly_Pine"
2001-12-03,8177,"North_Carolina_Loblolly_Pine"
2001-12-19,8448,"North_Carolina_Loblolly_Pine"
2002-01-01,8299,"North_Carolina_Loblolly_Pine"
2002-01-17,7834,"North_Carolina_Loblolly_Pine"
2002-02-02,7777,"North_Carolina_Loblolly_Pine"
2002-02-18,7587,"North_Carolina_Loblolly_Pine"
2002-03-06,7815,"North_Carolina_Loblolly_Pine"
2002-03-22,7405,"North_Carolina_Loblolly_Pine"
2002-04-07,7384,"North_Carolina_Loblolly_Pine"
2002-04-23,7929,"North_Carolina_Loblolly_Pine"
2002-05-09,8781,"North_Carolina_Loblolly_Pine"
2002-05-25,8897,"North_Carolina_Loblolly_Pine"
2002-06-10,8639,"North_Carolina_Loblolly_Pine"
2002-06-26,9042,"North_Carolina_Loblolly_Pine"
2002-07-12,9096,"North_Carolina_Loblolly_Pine"
2002-07-28,9219,"North_Carolina_Loblolly_Pine"
2002-08-13,8986,"North_Carolina_Loblolly_Pine"
2002-08-29,9101,"North_Carolina_Loblolly_Pine"
2002-09-14,8968,"North_Carolina_Loblolly_Pine"
2002-09-30,8802,"North_Carolina_Loblolly_Pine"
2002-10-16,8765,"North_Carolina_Loblolly_Pine"
2002-11-01,8552,"North_Carolina_Loblolly_Pine"
2002-11-17,8364,"North_Carolina_Loblolly_Pine"
2002-12-03,8374,"North_Carolina_Loblolly_Pine"
2002-12-19,8466,"North_Carolina_Loblolly_Pine"
2003-01-01,8409,"North_Carolina_Loblolly_Pine"
2003-01-17,8131,"North_Carolina_Loblolly_Pine"
2003-02-02,8087,"North_Carolina_Loblolly_Pine"
2003-02-18,7897,"North_Carolina_Loblolly_Pine"
2003-03-06,7728,"North_Carolina_Loblolly_Pine"
2003-03-22,7989,"North_Carolina_Loblolly_Pine"
2003-04-07,7958,"North_Carolina_Loblolly_Pine"
2003-04-23,8348,"North_Carolina_Loblolly_Pine"
2003-05-09,8417,"North_Carolina_Loblolly_Pine"
2003-05-25,8780,"North_Carolina_Loblolly_Pine"
2003-06-10,8652,"North_Carolina_Loblolly_Pine"
2003-06-26,8897,"North_Carolina_Loblolly_Pine"
2003-07-12,9289,"North_Carolina_Loblolly_Pine"
2003-07-28,8755,"North_Carolina_Loblolly_Pine"
2003-08-13,8986,"North_Carolina_Loblolly_Pine"
2003-08-29,8992,"North_Carolina_Loblolly_Pine"
2003-09-30,8461,"North_Carolina_Loblolly_Pine"
2003-10-16,8417,"North_Carolina_Loblolly_Pine"
2003-11-01,8155,"North_Carolina_Loblolly_Pine"
2003-11-17,7918,"North_Carolina_Loblolly_Pine"
2003-12-03,7916,"North_Carolina_Loblolly_Pine"
2003-12-19,7781,"North_Carolina_Loblolly_Pine"
2004-01-01,7781,"North_Carolina_Loblolly_Pine"
2004-01-17,7754,"North_Carolina_Loblolly_Pine"
2004-02-02,7650,"North_Carolina_Loblolly_Pine"
2004-02-18,7452,"North_Carolina_Loblolly_Pine"
2004-03-05,7316,"North_Carolina_Loblolly_Pine"
2004-03-21,7233,"North_Carolina_Loblolly_Pine"
2004-04-06,6883,"North_Carolina_Loblolly_Pine"
2004-04-22,8282,"North_Carolina_Loblolly_Pine"
2004-05-08,7996,"North_Carolina_Loblolly_Pine"
2004-05-24,8096,"North_Carolina_Loblolly_Pine"
2004-06-09,8841,"North_Carolina_Loblolly_Pine"
2004-06-25,8701,"North_Carolina_Loblolly_Pine"
2004-07-11,8357,"North_Carolina_Loblolly_Pine"
2004-07-27,8601,"North_Carolina_Loblolly_Pine"
2004-08-12,7824,"North_Carolina_Loblolly_Pine"
2004-08-28,8630,"North_Carolina_Loblolly_Pine"
2004-09-13,8265,"North_Carolina_Loblolly_Pine"
2004-09-29,8288,"North_Carolina_Loblolly_Pine"
2004-10-15,8141,"North_Carolina_Loblolly_Pine"
2004-10-31,7963,"North_Carolina_Loblolly_Pine"
2004-11-16,7398,"North_Carolina_Loblolly_Pine"
2004-12-02,7919,"North_Carolina_Loblolly_Pine"
2004-12-18,7860,"North_Carolina_Loblolly_Pine"
2005-01-01,7562,"North_Carolina_Loblolly_Pine"
2005-01-17,7776,"North_Carolina_Loblolly_Pine"
2005-02-02,7429,"North_Carolina_Loblolly_Pine"
2005-02-18,7279,"North_Carolina_Loblolly_Pine"
2005-03-06,7084,"North_Carolina_Loblolly_Pine"
2005-03-22,7518,"North_Carolina_Loblolly_Pine"
2005-04-07,7169,"North_Carolina_Loblolly_Pine"
2005-04-23,7428,"North_Carolina_Loblolly_Pine"
2005-05-09,8015,"North_Carolina_Loblolly_Pine"
2005-05-25,7201,"North_Carolina_Loblolly_Pine"
2005-06-10,8229,"North_Carolina_Loblolly_Pine"
2005-06-26,8711,"North_Carolina_Loblolly_Pine"
2005-07-12,8983,"North_Carolina_Loblolly_Pine"
2005-07-28,8811,"North_Carolina_Loblolly_Pine"
2005-08-13,8728,"North_Carolina_Loblolly_Pine"
2005-08-29,8777,"North_Carolina_Loblolly_Pine"
2005-09-14,8819,"North_Carolina_Loblolly_Pine"
2005-09-30,8371,"North_Carolina_Loblolly_Pine"
2005-10-16,8478,"North_Carolina_Loblolly_Pine"
2005-11-01,8137,"North_Carolina_Loblolly_Pine"
2005-11-17,7874,"North_Carolina_Loblolly_Pine"
2005-12-03,8005,"North_Carolina_Loblolly_Pine"
2005-12-19,8063,"North_Carolina_Loblolly_Pine"
2006-01-01,7775,"North_Carolina_Loblolly_Pine"
2006-01-17,7846,"North_Carolina_Loblolly_Pine"
2006-02-02,7439,"North_Carolina_Loblolly_Pine"
2006-02-18,7290,"North_Carolina_Loblolly_Pine"
2006-03-06,7460,"North_Carolina_Loblolly_Pine"
2006-03-22,7334,"North_Carolina_Loblolly_Pine"
2006-04-07,7699,"North_Carolina_Loblolly_Pine"
2006-04-23,7929,"North_Carolina_Loblolly_Pine"
2006-05-09,8177,"North_Carolina_Loblolly_Pine"
2006-05-25,8629,"North_Carolina_Loblolly_Pine"
2006-06-10,8549,"North_Carolina_Loblolly_Pine"
2006-06-26,8420,"North_Carolina_Loblolly_Pine"
2006-07-12,8409,"North_Carolina_Loblolly_Pine"
2006-07-28,9137,"North_Carolina_Loblolly_Pine"
2006-08-13,8597,"North_Carolina_Loblolly_Pine"
2006-08-29,9024,"North_Carolina_Loblolly_Pine"
2006-09-14,8589,"North_Carolina_Loblolly_Pine"
2006-09-30,8477,"North_Carolina_Loblolly_Pine"
2006-10-16,8240,"North_Carolina_Loblolly_Pine"
2006-11-01,7908,"North_Carolina_Loblolly_Pine"
2006-11-17,7992,"North_Carolina_Loblolly_Pine"
2006-12-03,8348,"North_Carolina_Loblolly_Pine"
2006-12-19,8415,"North_Carolina_Loblolly_Pine"
2007-01-01,8228,"North_Carolina_Loblolly_Pine"
2007-01-17,8318,"North_Carolina_Loblolly_Pine"
2007-02-02,8125,"North_Carolina_Loblolly_Pine"
2007-02-18,7911,"North_Carolina_Loblolly_Pine"
2007-03-06,7949,"North_Carolina_Loblolly_Pine"
2007-03-22,7709,"North_Carolina_Loblolly_Pine"
2007-04-07,8003,"North_Carolina_Loblolly_Pine"
2007-04-23,8307,"North_Carolina_Loblolly_Pine"
2007-05-09,8334,"North_Carolina_Loblolly_Pine"
2007-05-25,8199,"North_Carolina_Loblolly_Pine"
2007-06-10,8817,"North_Carolina_Loblolly_Pine"
2007-06-26,8634,"North_Carolina_Loblolly_Pine"
2007-07-12,9120,"North_Carolina_Loblolly_Pine"
2007-07-28,8704,"North_Carolina_Loblolly_Pine"
2007-08-13,8818,"North_Carolina_Loblolly_Pine"
2007-08-29,8758,"North_Carolina_Loblolly_Pine"
2007-09-14,8574,"North_Carolina_Loblolly_Pine"
2007-09-30,8350,"North_Carolina_Loblolly_Pine"
2007-10-16,8253,"North_Carolina_Loblolly_Pine"
2007-11-01,8085,"North_Carolina_Loblolly_Pine"
2007-11-17,7972,"North_Carolina_Loblolly_Pine"
2007-12-03,7791,"North_Carolina_Loblolly_Pine"
2008-01-01,8148,"North_Carolina_Loblolly_Pine"
2008-01-17,7965,"North_Carolina_Loblolly_Pine"
2008-02-02,8250,"North_Carolina_Loblolly_Pine"
2008-02-18,7833,"North_Carolina_Loblolly_Pine"
2008-03-05,8164,"North_Carolina_Loblolly_Pine"
2008-03-21,7853,"North_Carolina_Loblolly_Pine"
2008-04-06,7796,"North_Carolina_Loblolly_Pine"
2008-04-22,8279,"North_Carolina_Loblolly_Pine"
2008-05-08,8560,"North_Carolina_Loblolly_Pine"
2008-05-24,8485,"North_Carolina_Loblolly_Pine"
2008-06-09,8585,"North_Carolina_Loblolly_Pine"
2008-06-25,8948,"North_Carolina_Loblolly_Pine"
2008-07-11,8492,"North_Carolina_Loblolly_Pine"
2008-07-27,8388,"North_Carolina_Loblolly_Pine"
2008-08-12,8727,"North_Carolina_Loblolly_Pine"
2008-08-28,8583,"North_Carolina_Loblolly_Pine"
2008-09-13,9121,"North_Carolina_Loblolly_Pine"
2008-09-29,9210,"North_Carolina_Loblolly_Pine"
2008-10-15,8284,"North_Carolina_Loblolly_Pine"
2008-10-31,8125,"North_Carolina_Loblolly_Pine"
2008-11-16,8216,"North_Carolina_Loblolly_Pine"
2008-12-02,7874,"North_Carolina_Loblolly_Pine"
2008-12-18,8066,"North_Carolina_Loblolly_Pine"
2009-01-01,8164,"North_Carolina_Loblolly_Pine"
2009-01-17,7879,"North_Carolina_Loblolly_Pine"
2009-02-02,7616,"North_Carolina_Loblolly_Pine"
2009-02-18,7547,"North_Carolina_Loblolly_Pine"
2009-03-06,7646,"North_Carolina_Loblolly_Pine"
2009-03-22,7609,"North_Carolina_Loblolly_Pine"
2009-04-07,7779,"North_Carolina_Loblolly_Pine"
2009-04-23,8079,"North_Carolina_Loblolly_Pine"
2009-05-09,8632,"North_Carolina_Loblolly_Pine"
2009-05-25,8265,"North_Carolina_Loblolly_Pine"
2009-06-10,8768,"North_Carolina_Loblolly_Pine"
2009-06-26,8506,"North_Carolina_Loblolly_Pine"
2009-07-12,8496,"North_Carolina_Loblolly_Pine"
2009-07-28,8416,"North_Carolina_Loblolly_Pine"
2009-08-13,8454,"North_Carolina_Loblolly_Pine"
2009-08-29,8568,"North_Carolina_Loblolly_Pine"
2009-09-14,7473,"North_Carolina_Loblolly_Pine"
2009-09-30,7315,"North_Carolina_Loblolly_Pine"
2009-10-16,6706,"North_Carolina_Loblolly_Pine"
2009-11-01,6448,"North_Carolina_Loblolly_Pine"
2009-11-17,6984,"North_Carolina_Loblolly_Pine"
2009-12-03,7410,"North_Carolina_Loblolly_Pine"
2009-12-19,6353,"North_Carolina_Loblolly_Pine"
2010-01-01,6518,"North_Carolina_Loblolly_Pine"
2010-01-17,6039,"North_Carolina_Loblolly_Pine"
2010-02-02,5915,"North_Carolina_Loblolly_Pine"
2010-02-18,5911,"North_Carolina_Loblolly_Pine"
2010-03-06,5691,"North_Carolina_Loblolly_Pine"
2010-03-22,5762,"North_Carolina_Loblolly_Pine"
2010-04-07,6185,"North_Carolina_Loblolly_Pine"
2010-04-23,6924,"North_Carolina_Loblolly_Pine"
2010-05-25,7550,"North_Carolina_Loblolly_Pine"
2010-06-10,8008,"North_Carolina_Loblolly_Pine"
2010-06-26,8114,"North_Carolina_Loblolly_Pine"
2010-07-12,8456,"North_Carolina_Loblolly_Pine"
2010-07-28,8431,"North_Carolina_Loblolly_Pine"
2010-08-13,8423,"North_Carolina_Loblolly_Pine"
2010-08-29,8503,"North_Carolina_Loblolly_Pine"
2010-09-14,8518,"North_Carolina_Loblolly_Pine"
2010-09-30,7682,"North_Carolina_Loblolly_Pine"
2010-10-16,7383,"North_Carolina_Loblolly_Pine"
2010-11-01,6988,"North_Carolina_Loblolly_Pine"
2010-11-17,6874,"North_Carolina_Loblolly_Pine"
2010-12-03,6852,"North_Carolina_Loblolly_Pine"
2010-12-19,6776,"North_Carolina_Loblolly_Pine"
2011-01-01,6571,"North_Carolina_Loblolly_Pine"
2011-02-02,7247,"North_Carolina_Loblolly_Pine"
2011-02-18,6224,"North_Carolina_Loblolly_Pine"
2011-03-06,6241,"North_Carolina_Loblolly_Pine"
2011-03-22,6349,"North_Carolina_Loblolly_Pine"
2011-04-07,7110,"North_Carolina_Loblolly_Pine"
2011-04-23,8095,"North_Carolina_Loblolly_Pine"
2011-05-09,8431,"North_Carolina_Loblolly_Pine"
2011-05-25,8241,"North_Carolina_Loblolly_Pine"
2011-06-10,8443,"North_Carolina_Loblolly_Pine"
2011-06-26,8659,"North_Carolina_Loblolly_Pine"
2011-07-12,8629,"North_Carolina_Loblolly_Pine"
2011-07-28,8633,"North_Carolina_Loblolly_Pine"
2011-08-29,8619,"North_Carolina_Loblolly_Pine"
2011-09-14,8226,"North_Carolina_Loblolly_Pine"
2011-10-16,8309,"North_Carolina_Loblolly_Pine"
2011-11-01,7915,"North_Carolina_Loblolly_Pine"
2011-11-17,7515,"North_Carolina_Loblolly_Pine"
2011-12-03,7130,"North_Carolina_Loblolly_Pine"
2011-12-19,7096,"North_Carolina_Loblolly_Pine"
2012-01-01,7094,"North_Carolina_Loblolly_Pine"
2012-01-17,7027,"North_Carolina_Loblolly_Pine"
2012-02-02,6773,"North_Carolina_Loblolly_Pine"
2012-02-18,6780,"North_Carolina_Loblolly_Pine"
2012-03-21,7899,"North_Carolina_Loblolly_Pine"
2012-04-06,8055,"North_Carolina_Loblolly_Pine"
2012-04-22,8345,"North_Carolina_Loblolly_Pine"
2012-05-08,8714,"North_Carolina_Loblolly_Pine"
2012-05-24,8699,"North_Carolina_Loblolly_Pine"
2012-06-09,8797,"North_Carolina_Loblolly_Pine"
2012-06-25,8499,"North_Carolina_Loblolly_Pine"
2012-07-27,8692,"North_Carolina_Loblolly_Pine"
2012-08-12,8602,"North_Carolina_Loblolly_Pine"
2012-09-13,8148,"North_Carolina_Loblolly_Pine"
2012-09-29,8361,"North_Carolina_Loblolly_Pine"
2012-10-15,7917,"North_Carolina_Loblolly_Pine"
2012-10-31,7603,"North_Carolina_Loblolly_Pine"
2012-11-16,8375,"North_Carolina_Loblolly_Pine"
2012-12-02,7395,"North_Carolina_Loblolly_Pine"
2012-12-18,7370,"North_Carolina_Loblolly_Pine"
2013-01-01,7588,"North_Carolina_Loblolly_Pine"
2013-01-17,7108,"North_Carolina_Loblolly_Pine"
2013-02-02,7202,"North_Carolina_Loblolly_Pine"
2013-02-18,6502,"North_Carolina_Loblolly_Pine"
2013-03-06,6737,"North_Carolina_Loblolly_Pine"
2013-03-22,6582,"North_Carolina_Loblolly_Pine"
2013-04-07,6153,"North_Carolina_Loblolly_Pine"
2013-04-23,7860,"North_Carolina_Loblolly_Pine"
2013-05-09,8322,"North_Carolina_Loblolly_Pine"
2013-05-25,8807,"North_Carolina_Loblolly_Pine"
2013-06-10,8492,"North_Carolina_Loblolly_Pine"
2013-06-26,8490,"North_Carolina_Loblolly_Pine"
2013-07-12,8885,"North_Carolina_Loblolly_Pine"
2013-07-28,8435,"North_Carolina_Loblolly_Pine"
2013-08-13,8679,"North_Carolina_Loblolly_Pine"
2013-08-29,8661,"North_Carolina_Loblolly_Pine"
2013-09-14,8256,"North_Carolina_Loblolly_Pine"
2013-09-30,8166,"North_Carolina_Loblolly_Pine"
2013-10-16,8209,"North_Carolina_Loblolly_Pine"
2013-11-01,7805,"North_Carolina_Loblolly_Pine"
2013-11-17,8839,"North_Carolina_Loblolly_Pine"
2013-12-03,7330,"North_Carolina_Loblolly_Pine"
2013-12-19,7398,"North_Carolina_Loblolly_Pine"
2014-01-17,7082,"North_Carolina_Loblolly_Pine"
2000-02-18,2133,"Santa_Rita_Mesquite_Savanna"
2000-03-05,2131,"Santa_Rita_Mesquite_Savanna"
2000-03-21,2108,"Santa_Rita_Mesquite_Savanna"
2000-04-06,2478,"Santa_Rita_Mesquite_Savanna"
2000-04-22,2492,"Santa_Rita_Mesquite_Savanna"
2000-05-08,2403,"Santa_Rita_Mesquite_Savanna"
2000-05-24,2366,"Santa_Rita_Mesquite_Savanna"
2000-06-09,2620,"Santa_Rita_Mesquite_Savanna"
2000-06-25,3378,"Santa_Rita_Mesquite_Savanna"
2000-07-11,3060,"Santa_Rita_Mesquite_Savanna"
2000-07-27,3236,"Santa_Rita_Mesquite_Savanna"
2000-08-12,5273,"Santa_Rita_Mesquite_Savanna"
2000-08-28,4334,"Santa_Rita_Mesquite_Savanna"
2000-09-13,3608,"Santa_Rita_Mesquite_Savanna"
2000-09-29,3182,"Santa_Rita_Mesquite_Savanna"
2000-10-15,3311,"Santa_Rita_Mesquite_Savanna"
2000-10-31,3406,"Santa_Rita_Mesquite_Savanna"
2000-11-16,3020,"Santa_Rita_Mesquite_Savanna"
2000-12-02,2990,"Santa_Rita_Mesquite_Savanna"
2000-12-18,2728,"Santa_Rita_Mesquite_Savanna"
2001-01-01,2666,"Santa_Rita_Mesquite_Savanna"
2001-01-17,2615,"Santa_Rita_Mesquite_Savanna"
2001-02-02,2476,"Santa_Rita_Mesquite_Savanna"
2001-02-18,2418,"Santa_Rita_Mesquite_Savanna"
2001-03-06,2593,"Santa_Rita_Mesquite_Savanna"
2001-03-22,2707,"Santa_Rita_Mesquite_Savanna"
2001-04-07,3058,"Santa_Rita_Mesquite_Savanna"
2001-04-23,3181,"Santa_Rita_Mesquite_Savanna"
2001-05-09,3307,"Santa_Rita_Mesquite_Savanna"
2001-05-25,3039,"Santa_Rita_Mesquite_Savanna"
2001-06-10,2875,"Santa_Rita_Mesquite_Savanna"
2001-06-26,2929,"Santa_Rita_Mesquite_Savanna"
2001-07-12,3437,"Santa_Rita_Mesquite_Savanna"
2001-07-28,3384,"Santa_Rita_Mesquite_Savanna"
2001-08-13,3702,"Santa_Rita_Mesquite_Savanna"
2001-08-29,2804,"Santa_Rita_Mesquite_Savanna"
2001-09-14,3106,"Santa_Rita_Mesquite_Savanna"
2001-09-30,2794,"Santa_Rita_Mesquite_Savanna"
2001-10-16,2662,"Santa_Rita_Mesquite_Savanna"
2001-11-01,2745,"Santa_Rita_Mesquite_Savanna"
2001-11-17,2471,"Santa_Rita_Mesquite_Savanna"
2001-12-03,2412,"Santa_Rita_Mesquite_Savanna"
2001-12-19,2356,"Santa_Rita_Mesquite_Savanna"
2002-01-01,2438,"Santa_Rita_Mesquite_Savanna"
2002-01-17,2103,"Santa_Rita_Mesquite_Savanna"
2002-02-02,1981,"Santa_Rita_Mesquite_Savanna"
2002-02-18,1761,"Santa_Rita_Mesquite_Savanna"
2002-03-06,1800,"Santa_Rita_Mesquite_Savanna"
2002-03-22,1769,"Santa_Rita_Mesquite_Savanna"
2002-04-07,2000,"Santa_Rita_Mesquite_Savanna"
2002-04-23,1944,"Santa_Rita_Mesquite_Savanna"
2002-05-09,1981,"Santa_Rita_Mesquite_Savanna"
2002-05-25,1908,"Santa_Rita_Mesquite_Savanna"
2002-06-10,1865,"Santa_Rita_Mesquite_Savanna"
2002-06-26,1828,"Santa_Rita_Mesquite_Savanna"
2002-07-12,2087,"Santa_Rita_Mesquite_Savanna"
2002-07-28,3168,"Santa_Rita_Mesquite_Savanna"
2002-08-13,3484,"Santa_Rita_Mesquite_Savanna"
2002-08-29,3776,"Santa_Rita_Mesquite_Savanna"
2002-09-14,3813,"Santa_Rita_Mesquite_Savanna"
2002-09-30,3407,"Santa_Rita_Mesquite_Savanna"
2002-10-16,3581,"Santa_Rita_Mesquite_Savanna"
2002-11-01,3191,"Santa_Rita_Mesquite_Savanna"
2002-11-17,3147,"Santa_Rita_Mesquite_Savanna"
2002-12-03,2940,"Santa_Rita_Mesquite_Savanna"
2002-12-19,2802,"Santa_Rita_Mesquite_Savanna"
2003-01-01,2925,"Santa_Rita_Mesquite_Savanna"
2003-01-17,2373,"Santa_Rita_Mesquite_Savanna"
2003-02-02,2555,"Santa_Rita_Mesquite_Savanna"
2003-02-18,2246,"Santa_Rita_Mesquite_Savanna"
2003-03-06,2066,"Santa_Rita_Mesquite_Savanna"
2003-03-22,1941,"Santa_Rita_Mesquite_Savanna"
2003-04-07,1870,"Santa_Rita_Mesquite_Savanna"
2003-04-23,1865,"Santa_Rita_Mesquite_Savanna"
2003-05-09,1853,"Santa_Rita_Mesquite_Savanna"
2003-05-25,2002,"Santa_Rita_Mesquite_Savanna"
2003-06-10,2022,"Santa_Rita_Mesquite_Savanna"
2003-06-26,1943,"Santa_Rita_Mesquite_Savanna"
2003-07-12,2281,"Santa_Rita_Mesquite_Savanna"
2003-07-28,3800,"Santa_Rita_Mesquite_Savanna"
2003-08-13,4159,"Santa_Rita_Mesquite_Savanna"
2003-08-29,4508,"Santa_Rita_Mesquite_Savanna"
2003-09-30,3851,"Santa_Rita_Mesquite_Savanna"
2003-10-16,3414,"Santa_Rita_Mesquite_Savanna"
2003-11-01,3414,"Santa_Rita_Mesquite_Savanna"
2003-11-17,3236,"Santa_Rita_Mesquite_Savanna"
2003-12-03,3067,"Santa_Rita_Mesquite_Savanna"
2003-12-19,2723,"Santa_Rita_Mesquite_Savanna"
2004-01-01,2723,"Santa_Rita_Mesquite_Savanna"
2004-01-17,2242,"Santa_Rita_Mesquite_Savanna"
2004-02-02,2148,"Santa_Rita_Mesquite_Savanna"
2004-02-18,1878,"Santa_Rita_Mesquite_Savanna"
2004-03-05,1860,"Santa_Rita_Mesquite_Savanna"
2004-03-21,1890,"Santa_Rita_Mesquite_Savanna"
2004-04-06,2425,"Santa_Rita_Mesquite_Savanna"
2004-04-22,2375,"Santa_Rita_Mesquite_Savanna"
2004-05-08,2424,"Santa_Rita_Mesquite_Savanna"
2004-05-24,2333,"Santa_Rita_Mesquite_Savanna"
2004-06-09,2222,"Santa_Rita_Mesquite_Savanna"
2004-06-25,2196,"Santa_Rita_Mesquite_Savanna"
2004-07-27,3409,"Santa_Rita_Mesquite_Savanna"
2004-08-12,3712,"Santa_Rita_Mesquite_Savanna"
2004-08-28,3246,"Santa_Rita_Mesquite_Savanna"
2004-09-13,2817,"Santa_Rita_Mesquite_Savanna"
2004-09-29,2737,"Santa_Rita_Mesquite_Savanna"
2004-10-15,2831,"Santa_Rita_Mesquite_Savanna"
2004-10-31,2768,"Santa_Rita_Mesquite_Savanna"
2004-11-16,2802,"Santa_Rita_Mesquite_Savanna"
2004-12-02,2740,"Santa_Rita_Mesquite_Savanna"
2004-12-18,2754,"Santa_Rita_Mesquite_Savanna"
2005-01-01,2539,"Santa_Rita_Mesquite_Savanna"
2005-01-17,2467,"Santa_Rita_Mesquite_Savanna"
2005-02-02,2973,"Santa_Rita_Mesquite_Savanna"
2005-02-18,2082,"Santa_Rita_Mesquite_Savanna"
2005-03-06,2046,"Santa_Rita_Mesquite_Savanna"
2005-03-22,1844,"Santa_Rita_Mesquite_Savanna"
2005-04-07,1760,"Santa_Rita_Mesquite_Savanna"
2005-04-23,1962,"Santa_Rita_Mesquite_Savanna"
2005-05-09,1976,"Santa_Rita_Mesquite_Savanna"
2005-05-25,2072,"Santa_Rita_Mesquite_Savanna"
2005-06-10,2046,"Santa_Rita_Mesquite_Savanna"
2005-06-26,2018,"Santa_Rita_Mesquite_Savanna"
2005-07-12,2071,"Santa_Rita_Mesquite_Savanna"
2005-07-28,2747,"Santa_Rita_Mesquite_Savanna"
2005-08-13,3911,"Santa_Rita_Mesquite_Savanna"
2005-08-29,3874,"Santa_Rita_Mesquite_Savanna"
2005-09-14,3660,"Santa_Rita_Mesquite_Savanna"
2005-09-30,3379,"Santa_Rita_Mesquite_Savanna"
2005-10-16,3479,"Santa_Rita_Mesquite_Savanna"
2005-11-01,3158,"Santa_Rita_Mesquite_Savanna"
2005-11-17,3125,"Santa_Rita_Mesquite_Savanna"
2005-12-03,2807,"Santa_Rita_Mesquite_Savanna"
2005-12-19,2951,"Santa_Rita_Mesquite_Savanna"
2006-01-01,2648,"Santa_Rita_Mesquite_Savanna"
2006-01-17,2391,"Santa_Rita_Mesquite_Savanna"
2006-02-02,2162,"Santa_Rita_Mesquite_Savanna"
2006-02-18,2114,"Santa_Rita_Mesquite_Savanna"
2006-03-06,2235,"Santa_Rita_Mesquite_Savanna"
2006-03-22,1928,"Santa_Rita_Mesquite_Savanna"
2006-04-07,1813,"Santa_Rita_Mesquite_Savanna"
2006-04-23,1784,"Santa_Rita_Mesquite_Savanna"
2006-05-09,1960,"Santa_Rita_Mesquite_Savanna"
2006-05-25,1858,"Santa_Rita_Mesquite_Savanna"
2006-06-10,1929,"Santa_Rita_Mesquite_Savanna"
2006-06-26,1986,"Santa_Rita_Mesquite_Savanna"
2006-07-12,2410,"Santa_Rita_Mesquite_Savanna"
2006-07-28,2667,"Santa_Rita_Mesquite_Savanna"
2006-08-13,3650,"Santa_Rita_Mesquite_Savanna"
2006-08-29,4916,"Santa_Rita_Mesquite_Savanna"
2006-09-14,4680,"Santa_Rita_Mesquite_Savanna"
2006-09-30,3510,"Santa_Rita_Mesquite_Savanna"
2006-10-16,2904,"Santa_Rita_Mesquite_Savanna"
2006-11-01,2899,"Santa_Rita_Mesquite_Savanna"
2006-11-17,2708,"Santa_Rita_Mesquite_Savanna"
2006-12-03,2585,"Santa_Rita_Mesquite_Savanna"
2006-12-19,2470,"Santa_Rita_Mesquite_Savanna"
2007-01-01,2364,"Santa_Rita_Mesquite_Savanna"
2007-01-17,2093,"Santa_Rita_Mesquite_Savanna"
2007-02-02,1872,"Santa_Rita_Mesquite_Savanna"
2007-02-18,1804,"Santa_Rita_Mesquite_Savanna"
2007-03-06,1779,"Santa_Rita_Mesquite_Savanna"
2007-03-22,1766,"Santa_Rita_Mesquite_Savanna"
2007-04-07,2144,"Santa_Rita_Mesquite_Savanna"
2007-04-23,2250,"Santa_Rita_Mesquite_Savanna"
2007-05-09,2341,"Santa_Rita_Mesquite_Savanna"
2007-05-25,2260,"Santa_Rita_Mesquite_Savanna"
2007-06-10,2156,"Santa_Rita_Mesquite_Savanna"
2007-06-26,1964,"Santa_Rita_Mesquite_Savanna"
2007-07-12,2312,"Santa_Rita_Mesquite_Savanna"
2007-07-28,4773,"Santa_Rita_Mesquite_Savanna"
2007-08-13,4651,"Santa_Rita_Mesquite_Savanna"
2007-08-29,3644,"Santa_Rita_Mesquite_Savanna"
2007-09-14,3396,"Santa_Rita_Mesquite_Savanna"
2007-09-30,3132,"Santa_Rita_Mesquite_Savanna"
2007-10-16,2858,"Santa_Rita_Mesquite_Savanna"
2007-11-01,2690,"Santa_Rita_Mesquite_Savanna"
2007-11-17,2626,"Santa_Rita_Mesquite_Savanna"
2008-01-01,2317,"Santa_Rita_Mesquite_Savanna"
2008-01-17,2273,"Santa_Rita_Mesquite_Savanna"
2008-02-02,2149,"Santa_Rita_Mesquite_Savanna"
2008-02-18,2123,"Santa_Rita_Mesquite_Savanna"
2008-03-05,2053,"Santa_Rita_Mesquite_Savanna"
2008-03-21,2014,"Santa_Rita_Mesquite_Savanna"
2008-04-06,2005,"Santa_Rita_Mesquite_Savanna"
2008-04-22,2078,"Santa_Rita_Mesquite_Savanna"
2008-05-08,2069,"Santa_Rita_Mesquite_Savanna"
2008-05-24,1977,"Santa_Rita_Mesquite_Savanna"
2008-06-09,1919,"Santa_Rita_Mesquite_Savanna"
2008-06-25,2530,"Santa_Rita_Mesquite_Savanna"
2008-07-11,5100,"Santa_Rita_Mesquite_Savanna"
2008-07-27,5259,"Santa_Rita_Mesquite_Savanna"
2008-08-12,4610,"Santa_Rita_Mesquite_Savanna"
2008-08-28,4843,"Santa_Rita_Mesquite_Savanna"
2008-09-13,4562,"Santa_Rita_Mesquite_Savanna"
2008-09-29,3704,"Santa_Rita_Mesquite_Savanna"
2008-10-15,2857,"Santa_Rita_Mesquite_Savanna"
2008-10-31,2540,"Santa_Rita_Mesquite_Savanna"
2008-11-16,2524,"Santa_Rita_Mesquite_Savanna"
2008-12-02,2520,"Santa_Rita_Mesquite_Savanna"
2008-12-18,2196,"Santa_Rita_Mesquite_Savanna"
2009-01-01,2082,"Santa_Rita_Mesquite_Savanna"
2009-01-17,2011,"Santa_Rita_Mesquite_Savanna"
2009-02-02,1891,"Santa_Rita_Mesquite_Savanna"
2009-02-18,1859,"Santa_Rita_Mesquite_Savanna"
2009-03-06,1931,"Santa_Rita_Mesquite_Savanna"
2009-03-22,1859,"Santa_Rita_Mesquite_Savanna"
2009-04-07,1953,"Santa_Rita_Mesquite_Savanna"
2009-04-23,2333,"Santa_Rita_Mesquite_Savanna"
2009-05-09,2076,"Santa_Rita_Mesquite_Savanna"
2009-05-25,2101,"Santa_Rita_Mesquite_Savanna"
2009-06-10,2019,"Santa_Rita_Mesquite_Savanna"
2009-06-26,2872,"Santa_Rita_Mesquite_Savanna"
2009-07-12,3366,"Santa_Rita_Mesquite_Savanna"
2009-07-28,2943,"Santa_Rita_Mesquite_Savanna"
2009-08-13,2909,"Santa_Rita_Mesquite_Savanna"
2009-08-29,2389,"Santa_Rita_Mesquite_Savanna"
2009-09-14,2543,"Santa_Rita_Mesquite_Savanna"
2009-09-30,2333,"Santa_Rita_Mesquite_Savanna"
2009-10-16,2097,"Santa_Rita_Mesquite_Savanna"
2009-11-01,2176,"Santa_Rita_Mesquite_Savanna"
2009-11-17,2258,"Santa_Rita_Mesquite_Savanna"
2009-12-03,2199,"Santa_Rita_Mesquite_Savanna"
2009-12-19,1984,"Santa_Rita_Mesquite_Savanna"
2010-01-01,1984,"Santa_Rita_Mesquite_Savanna"
2010-01-17,1780,"Santa_Rita_Mesquite_Savanna"
2010-02-02,1711,"Santa_Rita_Mesquite_Savanna"
2010-02-18,2012,"Santa_Rita_Mesquite_Savanna"
2010-03-06,2228,"Santa_Rita_Mesquite_Savanna"
2010-03-22,2391,"Santa_Rita_Mesquite_Savanna"
2010-04-07,2314,"Santa_Rita_Mesquite_Savanna"
2010-04-23,2422,"Santa_Rita_Mesquite_Savanna"
2010-05-25,2311,"Santa_Rita_Mesquite_Savanna"
2010-06-10,2133,"Santa_Rita_Mesquite_Savanna"
2010-06-26,2065,"Santa_Rita_Mesquite_Savanna"
2010-07-12,2525,"Santa_Rita_Mesquite_Savanna"
2010-07-28,3815,"Santa_Rita_Mesquite_Savanna"
2010-08-13,4509,"Santa_Rita_Mesquite_Savanna"
2010-08-29,4413,"Santa_Rita_Mesquite_Savanna"
2010-09-14,3686,"Santa_Rita_Mesquite_Savanna"
2010-09-30,3051,"Santa_Rita_Mesquite_Savanna"
2010-10-16,3333,"Santa_Rita_Mesquite_Savanna"
2010-11-01,2964,"Santa_Rita_Mesquite_Savanna"
2010-11-17,2921,"Santa_Rita_Mesquite_Savanna"
2010-12-03,2669,"Santa_Rita_Mesquite_Savanna"
2010-12-19,2238,"Santa_Rita_Mesquite_Savanna"
2011-01-01,2195,"Santa_Rita_Mesquite_Savanna"
2011-01-17,2335,"Santa_Rita_Mesquite_Savanna"
2011-02-02,1943,"Santa_Rita_Mesquite_Savanna"
2011-02-18,1902,"Santa_Rita_Mesquite_Savanna"
2011-03-06,1769,"Santa_Rita_Mesquite_Savanna"
2011-03-22,1813,"Santa_Rita_Mesquite_Savanna"
2011-04-07,1703,"Santa_Rita_Mesquite_Savanna"
2011-04-23,1898,"Santa_Rita_Mesquite_Savanna"
2011-05-09,1870,"Santa_Rita_Mesquite_Savanna"
2011-05-25,1883,"Santa_Rita_Mesquite_Savanna"
2011-06-10,1881,"Santa_Rita_Mesquite_Savanna"
2011-06-26,2129,"Santa_Rita_Mesquite_Savanna"
2011-07-12,4561,"Santa_Rita_Mesquite_Savanna"
2011-07-28,4460,"Santa_Rita_Mesquite_Savanna"
2011-08-13,4828,"Santa_Rita_Mesquite_Savanna"
2011-08-29,5065,"Santa_Rita_Mesquite_Savanna"
2011-09-14,4010,"Santa_Rita_Mesquite_Savanna"
2011-10-16,3002,"Santa_Rita_Mesquite_Savanna"
2011-11-01,2995,"Santa_Rita_Mesquite_Savanna"
2011-11-17,3013,"Santa_Rita_Mesquite_Savanna"
2011-12-03,2412,"Santa_Rita_Mesquite_Savanna"
2011-12-19,2451,"Santa_Rita_Mesquite_Savanna"
2012-01-01,2451,"Santa_Rita_Mesquite_Savanna"
2012-01-17,2265,"Santa_Rita_Mesquite_Savanna"
2012-02-02,2206,"Santa_Rita_Mesquite_Savanna"
2012-02-18,2121,"Santa_Rita_Mesquite_Savanna"
2012-03-21,1957,"Santa_Rita_Mesquite_Savanna"
2012-04-06,2511,"Santa_Rita_Mesquite_Savanna"
2012-05-24,2541,"Santa_Rita_Mesquite_Savanna"
2012-06-09,2364,"Santa_Rita_Mesquite_Savanna"
2012-06-25,2456,"Santa_Rita_Mesquite_Savanna"
2012-07-27,3527,"Santa_Rita_Mesquite_Savanna"
2012-08-12,3133,"Santa_Rita_Mesquite_Savanna"
2012-08-28,2889,"Santa_Rita_Mesquite_Savanna"
2012-09-13,3835,"Santa_Rita_Mesquite_Savanna"
2012-09-29,3498,"Santa_Rita_Mesquite_Savanna"
2012-10-15,2975,"Santa_Rita_Mesquite_Savanna"
2012-10-31,2853,"Santa_Rita_Mesquite_Savanna"
2012-11-16,2687,"Santa_Rita_Mesquite_Savanna"
2012-12-02,2645,"Santa_Rita_Mesquite_Savanna"
2012-12-18,2477,"Santa_Rita_Mesquite_Savanna"
2013-01-01,2414,"Santa_Rita_Mesquite_Savanna"
2013-01-17,2004,"Santa_Rita_Mesquite_Savanna"
2013-02-02,2080,"Santa_Rita_Mesquite_Savanna"
2013-02-18,1955,"Santa_Rita_Mesquite_Savanna"
2013-03-06,1962,"Santa_Rita_Mesquite_Savanna"
2013-03-22,1958,"Santa_Rita_Mesquite_Savanna"
2013-04-07,2027,"Santa_Rita_Mesquite_Savanna"
2013-04-23,2210,"Santa_Rita_Mesquite_Savanna"
2013-05-09,2175,"Santa_Rita_Mesquite_Savanna"
2013-05-25,2128,"Santa_Rita_Mesquite_Savanna"
2013-06-10,2061,"Santa_Rita_Mesquite_Savanna"
2013-06-26,1974,"Santa_Rita_Mesquite_Savanna"
2013-07-12,2862,"Santa_Rita_Mesquite_Savanna"
2013-07-28,3601,"Santa_Rita_Mesquite_Savanna"
2013-08-13,3090,"Santa_Rita_Mesquite_Savanna"
2013-08-29,3907,"Santa_Rita_Mesquite_Savanna"
2013-09-14,3678,"Santa_Rita_Mesquite_Savanna"
2013-09-30,2509,"Santa_Rita_Mesquite_Savanna"
2013-10-16,2466,"Santa_Rita_Mesquite_Savanna"
2013-11-01,2516,"Santa_Rita_Mesquite_Savanna"
2013-11-17,2200,"Santa_Rita_Mesquite_Savanna"
2013-12-03,2135,"Santa_Rita_Mesquite_Savanna"
2013-12-19,2189,"Santa_Rita_Mesquite_Savanna"
2014-01-17,2105,"Santa_Rita_Mesquite_Savanna"
2000-02-18,6198,"Tonzi_Ranch"
2000-03-05,6024,"Tonzi_Ranch"
2000-03-21,6485,"Tonzi_Ranch"
2000-04-06,6790,"Tonzi_Ranch"
2000-04-22,6183,"Tonzi_Ranch"
2000-05-08,5885,"Tonzi_Ranch"
2000-05-24,5249,"Tonzi_Ranch"
2000-06-09,4357,"Tonzi_Ranch"
2000-06-25,4171,"Tonzi_Ranch"
2000-07-11,4073,"Tonzi_Ranch"
2000-07-27,3440,"Tonzi_Ranch"
2000-08-12,4152,"Tonzi_Ranch"
2000-08-28,3595,"Tonzi_Ranch"
2000-09-13,4010,"Tonzi_Ranch"
2000-09-29,4470,"Tonzi_Ranch"
2000-10-15,5152,"Tonzi_Ranch"
2000-10-31,5900,"Tonzi_Ranch"
2000-11-16,5890,"Tonzi_Ranch"
2000-12-02,5642,"Tonzi_Ranch"
2000-12-18,5789,"Tonzi_Ranch"
2001-01-01,5681,"Tonzi_Ranch"
2001-01-17,5753,"Tonzi_Ranch"
2001-02-02,5850,"Tonzi_Ranch"
2001-02-18,5876,"Tonzi_Ranch"
2001-03-06,5867,"Tonzi_Ranch"
2001-03-22,6472,"Tonzi_Ranch"
2001-04-07,6875,"Tonzi_Ranch"
2001-04-23,6940,"Tonzi_Ranch"
2001-05-09,6114,"Tonzi_Ranch"
2001-05-25,4628,"Tonzi_Ranch"
2001-06-10,4001,"Tonzi_Ranch"
2001-06-26,4125,"Tonzi_Ranch"
2001-07-12,4125,"Tonzi_Ranch"
2001-07-28,3943,"Tonzi_Ranch"
2001-08-13,3680,"Tonzi_Ranch"
2001-08-29,3927,"Tonzi_Ranch"
2001-09-14,4172,"Tonzi_Ranch"
2001-09-30,4631,"Tonzi_Ranch"
2001-10-16,3830,"Tonzi_Ranch"
2001-11-01,3658,"Tonzi_Ranch"
2001-11-17,4318,"Tonzi_Ranch"
2001-12-03,4743,"Tonzi_Ranch"
2001-12-19,2745,"Tonzi_Ranch"
2002-01-01,5453,"Tonzi_Ranch"
2002-01-17,5002,"Tonzi_Ranch"
2002-02-02,4844,"Tonzi_Ranch"
2002-02-18,5568,"Tonzi_Ranch"
2002-03-06,5757,"Tonzi_Ranch"
2002-03-22,6345,"Tonzi_Ranch"
2002-04-07,6916,"Tonzi_Ranch"
2002-04-23,6448,"Tonzi_Ranch"
2002-05-09,5802,"Tonzi_Ranch"
2002-05-25,5013,"Tonzi_Ranch"
2002-06-10,4114,"Tonzi_Ranch"
2002-06-26,4371,"Tonzi_Ranch"
2002-07-12,3857,"Tonzi_Ranch"
2002-07-28,4035,"Tonzi_Ranch"
2002-08-13,3734,"Tonzi_Ranch"
2002-08-29,4038,"Tonzi_Ranch"
2002-09-14,4196,"Tonzi_Ranch"
2002-09-30,3529,"Tonzi_Ranch"
2002-10-16,3668,"Tonzi_Ranch"
2002-11-01,3933,"Tonzi_Ranch"
2002-11-17,4808,"Tonzi_Ranch"
2002-12-03,4823,"Tonzi_Ranch"
2002-12-19,5072,"Tonzi_Ranch"
2003-01-01,5517,"Tonzi_Ranch"
2003-01-17,6061,"Tonzi_Ranch"
2003-02-02,5943,"Tonzi_Ranch"
2003-02-18,5888,"Tonzi_Ranch"
2003-03-06,6295,"Tonzi_Ranch"
2003-03-22,6469,"Tonzi_Ranch"
2003-04-07,7170,"Tonzi_Ranch"
2003-04-23,7528,"Tonzi_Ranch"
2003-05-09,6485,"Tonzi_Ranch"
2003-05-25,6079,"Tonzi_Ranch"
2003-06-10,4766,"Tonzi_Ranch"
2003-06-26,4453,"Tonzi_Ranch"
2003-07-12,4927,"Tonzi_Ranch"
2003-07-28,4241,"Tonzi_Ranch"
2003-08-13,4130,"Tonzi_Ranch"
2003-08-29,4603,"Tonzi_Ranch"
2003-09-30,4137,"Tonzi_Ranch"
2003-10-16,4302,"Tonzi_Ranch"
2003-11-01,4519,"Tonzi_Ranch"
2003-11-17,4667,"Tonzi_Ranch"
2003-12-03,4739,"Tonzi_Ranch"
2003-12-19,5200,"Tonzi_Ranch"
2004-01-01,5200,"Tonzi_Ranch"
2004-01-17,5387,"Tonzi_Ranch"
2004-02-02,5626,"Tonzi_Ranch"
2004-02-18,5988,"Tonzi_Ranch"
2004-03-05,6015,"Tonzi_Ranch"
2004-03-21,6752,"Tonzi_Ranch"
2004-04-06,7047,"Tonzi_Ranch"
2004-04-22,6064,"Tonzi_Ranch"
2004-05-08,4972,"Tonzi_Ranch"
2004-05-24,4438,"Tonzi_Ranch"
2004-06-09,4226,"Tonzi_Ranch"
2004-06-25,4074,"Tonzi_Ranch"
2004-07-27,4044,"Tonzi_Ranch"
2004-08-12,3885,"Tonzi_Ranch"
2004-08-28,3707,"Tonzi_Ranch"
2004-09-13,4180,"Tonzi_Ranch"
2004-09-29,3548,"Tonzi_Ranch"
2004-10-15,4793,"Tonzi_Ranch"
2004-10-31,4995,"Tonzi_Ranch"
2004-11-16,5451,"Tonzi_Ranch"
2004-12-02,5560,"Tonzi_Ranch"
2004-12-18,6263,"Tonzi_Ranch"
2005-01-01,6441,"Tonzi_Ranch"
2005-01-17,6527,"Tonzi_Ranch"
2005-02-02,6589,"Tonzi_Ranch"
2005-02-18,6880,"Tonzi_Ranch"
2005-03-06,7063,"Tonzi_Ranch"
2005-03-22,7708,"Tonzi_Ranch"
2005-04-07,7265,"Tonzi_Ranch"
2005-04-23,7356,"Tonzi_Ranch"
2005-05-09,6499,"Tonzi_Ranch"
2005-05-25,5780,"Tonzi_Ranch"
2005-06-10,4734,"Tonzi_Ranch"
2005-06-26,4180,"Tonzi_Ranch"
2005-07-12,4284,"Tonzi_Ranch"
2005-07-28,4026,"Tonzi_Ranch"
2005-08-13,4355,"Tonzi_Ranch"
2005-08-29,4068,"Tonzi_Ranch"
2005-09-14,4071,"Tonzi_Ranch"
2005-09-30,4734,"Tonzi_Ranch"
2005-10-16,4564,"Tonzi_Ranch"
2005-11-01,3853,"Tonzi_Ranch"
2005-11-17,4016,"Tonzi_Ranch"
2005-12-03,3638,"Tonzi_Ranch"
2005-12-19,4456,"Tonzi_Ranch"
2006-01-01,5475,"Tonzi_Ranch"
2006-01-17,4872,"Tonzi_Ranch"
2006-02-02,5276,"Tonzi_Ranch"
2006-02-18,5309,"Tonzi_Ranch"
2006-03-06,5459,"Tonzi_Ranch"
2006-03-22,5536,"Tonzi_Ranch"
2006-04-07,6451,"Tonzi_Ranch"
2006-04-23,7162,"Tonzi_Ranch"
2006-05-09,6564,"Tonzi_Ranch"
2006-05-25,5745,"Tonzi_Ranch"
2006-06-10,4099,"Tonzi_Ranch"
2006-06-26,4101,"Tonzi_Ranch"
2006-07-12,4093,"Tonzi_Ranch"
2006-07-28,3942,"Tonzi_Ranch"
2006-08-13,4194,"Tonzi_Ranch"
2006-08-29,3825,"Tonzi_Ranch"
2006-09-14,3721,"Tonzi_Ranch"
2006-09-30,3933,"Tonzi_Ranch"
2006-10-16,4162,"Tonzi_Ranch"
2006-11-01,3403,"Tonzi_Ranch"
2006-11-17,4387,"Tonzi_Ranch"
2006-12-03,4333,"Tonzi_Ranch"
2006-12-19,4959,"Tonzi_Ranch"
2007-01-01,4807,"Tonzi_Ranch"
2007-01-17,4647,"Tonzi_Ranch"
2007-02-02,5173,"Tonzi_Ranch"
2007-02-18,5161,"Tonzi_Ranch"
2007-03-06,6788,"Tonzi_Ranch"
2007-03-22,6932,"Tonzi_Ranch"
2007-04-07,7109,"Tonzi_Ranch"
2007-04-23,6894,"Tonzi_Ranch"
2007-05-09,5970,"Tonzi_Ranch"
2007-05-25,4479,"Tonzi_Ranch"
2007-06-10,4451,"Tonzi_Ranch"
2007-06-26,3895,"Tonzi_Ranch"
2007-07-12,4000,"Tonzi_Ranch"
2007-07-28,3695,"Tonzi_Ranch"
2007-08-13,3988,"Tonzi_Ranch"
2007-08-29,4372,"Tonzi_Ranch"
2007-09-14,3901,"Tonzi_Ranch"
2007-09-30,4381,"Tonzi_Ranch"
2007-10-16,3870,"Tonzi_Ranch"
2007-11-01,3713,"Tonzi_Ranch"
2007-11-17,4249,"Tonzi_Ranch"
2008-01-01,3544,"Tonzi_Ranch"
2008-01-17,4495,"Tonzi_Ranch"
2008-02-02,4681,"Tonzi_Ranch"
2008-02-18,4965,"Tonzi_Ranch"
2008-03-05,5143,"Tonzi_Ranch"
2008-03-21,5947,"Tonzi_Ranch"
2008-04-06,6669,"Tonzi_Ranch"
2008-04-22,5932,"Tonzi_Ranch"
2008-05-08,4998,"Tonzi_Ranch"
2008-05-24,4940,"Tonzi_Ranch"
2008-06-09,5185,"Tonzi_Ranch"
2008-06-25,4182,"Tonzi_Ranch"
2008-07-11,3813,"Tonzi_Ranch"
2008-07-27,3707,"Tonzi_Ranch"
2008-08-12,4330,"Tonzi_Ranch"
2008-08-28,3906,"Tonzi_Ranch"
2008-09-13,3554,"Tonzi_Ranch"
2008-09-29,4031,"Tonzi_Ranch"
2008-10-15,3578,"Tonzi_Ranch"
2008-10-31,5009,"Tonzi_Ranch"
2008-11-16,5153,"Tonzi_Ranch"
2008-12-02,5442,"Tonzi_Ranch"
2008-12-18,5353,"Tonzi_Ranch"
2009-01-01,5130,"Tonzi_Ranch"
2009-01-17,5328,"Tonzi_Ranch"
2009-02-02,5563,"Tonzi_Ranch"
2009-02-18,5935,"Tonzi_Ranch"
2009-03-06,5826,"Tonzi_Ranch"
2009-03-22,6351,"Tonzi_Ranch"
2009-04-07,6855,"Tonzi_Ranch"
2009-04-23,6691,"Tonzi_Ranch"
2009-05-09,5904,"Tonzi_Ranch"
2009-05-25,4988,"Tonzi_Ranch"
2009-06-10,4409,"Tonzi_Ranch"
2009-06-26,4541,"Tonzi_Ranch"
2009-07-12,4040,"Tonzi_Ranch"
2009-07-28,3767,"Tonzi_Ranch"
2009-08-13,4147,"Tonzi_Ranch"
2009-08-29,3935,"Tonzi_Ranch"
2009-09-14,3789,"Tonzi_Ranch"
2009-09-30,3543,"Tonzi_Ranch"
2009-10-16,5034,"Tonzi_Ranch"
2009-11-01,5383,"Tonzi_Ranch"
2009-11-17,4581,"Tonzi_Ranch"
2009-12-03,4417,"Tonzi_Ranch"
2009-12-19,4447,"Tonzi_Ranch"
2010-01-01,5020,"Tonzi_Ranch"
2010-01-17,5738,"Tonzi_Ranch"
2010-02-02,5206,"Tonzi_Ranch"
2010-02-18,5705,"Tonzi_Ranch"
2010-03-06,6022,"Tonzi_Ranch"
2010-03-22,7078,"Tonzi_Ranch"
2010-04-07,6534,"Tonzi_Ranch"
2010-04-23,6686,"Tonzi_Ranch"
2010-05-25,6049,"Tonzi_Ranch"
2010-06-10,5493,"Tonzi_Ranch"
2010-06-26,4423,"Tonzi_Ranch"
2010-07-12,4775,"Tonzi_Ranch"
2010-07-28,4739,"Tonzi_Ranch"
2010-08-13,4425,"Tonzi_Ranch"
2010-08-29,4217,"Tonzi_Ranch"
2010-09-14,4095,"Tonzi_Ranch"
2010-09-30,4049,"Tonzi_Ranch"
2010-10-16,3680,"Tonzi_Ranch"
2010-11-01,4855,"Tonzi_Ranch"
2010-11-17,5675,"Tonzi_Ranch"
2010-12-03,4797,"Tonzi_Ranch"
2010-12-19,5363,"Tonzi_Ranch"
2011-01-01,5190,"Tonzi_Ranch"
2011-01-17,4958,"Tonzi_Ranch"
2011-02-02,5233,"Tonzi_Ranch"
2011-02-18,5692,"Tonzi_Ranch"
2011-03-06,5949,"Tonzi_Ranch"
2011-03-22,6069,"Tonzi_Ranch"
2011-04-07,6608,"Tonzi_Ranch"
2011-04-23,7320,"Tonzi_Ranch"
2011-05-09,6268,"Tonzi_Ranch"
2011-05-25,5860,"Tonzi_Ranch"
2011-06-10,4959,"Tonzi_Ranch"
2011-06-26,5729,"Tonzi_Ranch"
2011-07-12,4711,"Tonzi_Ranch"
2011-07-28,4629,"Tonzi_Ranch"
2011-08-13,4376,"Tonzi_Ranch"
2011-08-29,4835,"Tonzi_Ranch"
2011-09-14,4834,"Tonzi_Ranch"
2011-10-16,6126,"Tonzi_Ranch"
2011-11-01,5530,"Tonzi_Ranch"
2011-11-17,4963,"Tonzi_Ranch"
2011-12-03,4856,"Tonzi_Ranch"
2011-12-19,4505,"Tonzi_Ranch"
2012-01-01,4230,"Tonzi_Ranch"
2012-01-17,4337,"Tonzi_Ranch"
2012-02-02,4875,"Tonzi_Ranch"
2012-02-18,4818,"Tonzi_Ranch"
2012-03-21,5595,"Tonzi_Ranch"
2012-04-06,6458,"Tonzi_Ranch"
2012-05-24,5088,"Tonzi_Ranch"
2012-06-09,4128,"Tonzi_Ranch"
2012-06-25,4156,"Tonzi_Ranch"
2012-07-27,4023,"Tonzi_Ranch"
2012-08-12,4309,"Tonzi_Ranch"
2012-08-28,3786,"Tonzi_Ranch"
2012-09-13,3670,"Tonzi_Ranch"
2012-09-29,4105,"Tonzi_Ranch"
2012-10-15,3859,"Tonzi_Ranch"
2012-10-31,5006,"Tonzi_Ranch"
2012-11-16,4967,"Tonzi_Ranch"
2012-12-02,5245,"Tonzi_Ranch"
2012-12-18,5895,"Tonzi_Ranch"
2013-01-01,5249,"Tonzi_Ranch"
2013-01-17,4954,"Tonzi_Ranch"
2013-02-02,5397,"Tonzi_Ranch"
2013-02-18,5089,"Tonzi_Ranch"
2013-03-06,5648,"Tonzi_Ranch"
2013-03-22,5812,"Tonzi_Ranch"
2013-04-07,6695,"Tonzi_Ranch"
2013-04-23,6132,"Tonzi_Ranch"
2013-05-09,5272,"Tonzi_Ranch"
2013-05-25,4636,"Tonzi_Ranch"
2013-06-10,4878,"Tonzi_Ranch"
2013-06-26,4140,"Tonzi_Ranch"
2013-07-12,3916,"Tonzi_Ranch"
2013-07-28,4393,"Tonzi_Ranch"
2013-08-13,4012,"Tonzi_Ranch"
2013-08-29,3568,"Tonzi_Ranch"
2013-09-14,3921,"Tonzi_Ranch"
2013-09-30,3423,"Tonzi_Ranch"
2013-10-16,3706,"Tonzi_Ranch"
2013-11-01,3763,"Tonzi_Ranch"
2013-11-17,3531,"Tonzi_Ranch"
2013-12-03,3671,"Tonzi_Ranch"
2013-12-19,3873,"Tonzi_Ranch"
2014-01-17,3800,"Tonzi_Ranch"
